"data_bulletin","age","country","cases"
2022-06-17,0,"Austria",0
2022-06-17,1,"Austria",0
2022-06-17,2,"Austria",0
2022-06-17,3,"Austria",1
2022-06-17,4,"Austria",0
2022-06-17,5,"Austria",1
2022-06-17,6,"Austria",0
2022-06-17,7,"Austria",0
2022-06-17,8,"Austria",0
2022-06-17,9,"Austria",1
2022-06-17,10,"Austria",0
2022-06-17,11,"Austria",0
2022-06-17,12,"Austria",0
2022-06-17,13,"Austria",0
2022-06-17,14,"Austria",0
2022-06-17,15,"Austria",0
2022-06-17,16,"Austria",0
2022-06-17,0,"Belgium",3
2022-06-17,1,"Belgium",2
2022-06-17,2,"Belgium",1
2022-06-17,3,"Belgium",3
2022-06-17,4,"Belgium",0
2022-06-17,5,"Belgium",1
2022-06-17,6,"Belgium",0
2022-06-17,7,"Belgium",0
2022-06-17,8,"Belgium",1
2022-06-17,9,"Belgium",1
2022-06-17,10,"Belgium",2
2022-06-17,11,"Belgium",1
2022-06-17,12,"Belgium",0
2022-06-17,13,"Belgium",0
2022-06-17,14,"Belgium",0
2022-06-17,15,"Belgium",0
2022-06-17,16,"Belgium",0
2022-06-17,0,"Bulgaria",0
2022-06-17,1,"Bulgaria",0
2022-06-17,2,"Bulgaria",0
2022-06-17,3,"Bulgaria",0
2022-06-17,4,"Bulgaria",1
2022-06-17,5,"Bulgaria",0
2022-06-17,6,"Bulgaria",0
2022-06-17,7,"Bulgaria",0
2022-06-17,8,"Bulgaria",0
2022-06-17,9,"Bulgaria",0
2022-06-17,10,"Bulgaria",0
2022-06-17,11,"Bulgaria",0
2022-06-17,12,"Bulgaria",0
2022-06-17,13,"Bulgaria",0
2022-06-17,14,"Bulgaria",0
2022-06-17,15,"Bulgaria",0
2022-06-17,16,"Bulgaria",0
2022-06-17,0,"Cyprus",0
2022-06-17,1,"Cyprus",0
2022-06-17,2,"Cyprus",0
2022-06-17,3,"Cyprus",0
2022-06-17,4,"Cyprus",1
2022-06-17,5,"Cyprus",1
2022-06-17,6,"Cyprus",0
2022-06-17,7,"Cyprus",0
2022-06-17,8,"Cyprus",0
2022-06-17,9,"Cyprus",0
2022-06-17,10,"Cyprus",0
2022-06-17,11,"Cyprus",0
2022-06-17,12,"Cyprus",0
2022-06-17,13,"Cyprus",0
2022-06-17,14,"Cyprus",0
2022-06-17,15,"Cyprus",0
2022-06-17,16,"Cyprus",0
2022-06-17,0,"Denmark",0
2022-06-17,1,"Denmark",1
2022-06-17,2,"Denmark",1
2022-06-17,3,"Denmark",1
2022-06-17,4,"Denmark",1
2022-06-17,5,"Denmark",1
2022-06-17,6,"Denmark",0
2022-06-17,7,"Denmark",1
2022-06-17,8,"Denmark",0
2022-06-17,9,"Denmark",0
2022-06-17,10,"Denmark",0
2022-06-17,11,"Denmark",0
2022-06-17,12,"Denmark",0
2022-06-17,13,"Denmark",0
2022-06-17,14,"Denmark",1
2022-06-17,15,"Denmark",0
2022-06-17,16,"Denmark",0
2022-06-17,0,"France",2
2022-06-17,1,"France",0
2022-06-17,2,"France",1
2022-06-17,3,"France",1
2022-06-17,4,"France",0
2022-06-17,5,"France",0
2022-06-17,6,"France",0
2022-06-17,7,"France",1
2022-06-17,8,"France",0
2022-06-17,9,"France",0
2022-06-17,10,"France",0
2022-06-17,11,"France",0
2022-06-17,12,"France",1
2022-06-17,13,"France",0
2022-06-17,14,"France",1
2022-06-17,15,"France",0
2022-06-17,16,"France",0
2022-06-17,0,"Greece",0
2022-06-17,1,"Greece",2
2022-06-17,2,"Greece",1
2022-06-17,3,"Greece",0
2022-06-17,4,"Greece",1
2022-06-17,5,"Greece",2
2022-06-17,6,"Greece",1
2022-06-17,7,"Greece",0
2022-06-17,8,"Greece",0
2022-06-17,9,"Greece",0
2022-06-17,10,"Greece",1
2022-06-17,11,"Greece",0
2022-06-17,12,"Greece",1
2022-06-17,13,"Greece",0
2022-06-17,14,"Greece",0
2022-06-17,15,"Greece",0
2022-06-17,16,"Greece",0
2022-06-17,0,"Ireland",2
2022-06-17,1,"Ireland",2
2022-06-17,2,"Ireland",2
2022-06-17,3,"Ireland",4
2022-06-17,4,"Ireland",1
2022-06-17,5,"Ireland",0
2022-06-17,6,"Ireland",0
2022-06-17,7,"Ireland",2
2022-06-17,8,"Ireland",0
2022-06-17,9,"Ireland",0
2022-06-17,10,"Ireland",0
2022-06-17,11,"Ireland",1
2022-06-17,12,"Ireland",0
2022-06-17,13,"Ireland",0
2022-06-17,14,"Ireland",0
2022-06-17,15,"Ireland",0
2022-06-17,16,"Ireland",0
2022-06-17,0,"Israel",0
2022-06-17,1,"Israel",1
2022-06-17,2,"Israel",1
2022-06-17,3,"Israel",1
2022-06-17,4,"Israel",0
2022-06-17,5,"Israel",1
2022-06-17,6,"Israel",0
2022-06-17,7,"Israel",0
2022-06-17,8,"Israel",0
2022-06-17,9,"Israel",0
2022-06-17,10,"Israel",0
2022-06-17,11,"Israel",1
2022-06-17,12,"Israel",0
2022-06-17,13,"Israel",0
2022-06-17,14,"Israel",0
2022-06-17,15,"Israel",0
2022-06-17,16,"Israel",0
2022-06-17,0,"Italy",3
2022-06-17,1,"Italy",5
2022-06-17,2,"Italy",6
2022-06-17,3,"Italy",3
2022-06-17,4,"Italy",3
2022-06-17,5,"Italy",2
2022-06-17,6,"Italy",3
2022-06-17,7,"Italy",1
2022-06-17,8,"Italy",0
2022-06-17,9,"Italy",1
2022-06-17,10,"Italy",2
2022-06-17,11,"Italy",1
2022-06-17,12,"Italy",0
2022-06-17,13,"Italy",2
2022-06-17,14,"Italy",0
2022-06-17,15,"Italy",1
2022-06-17,16,"Italy",0
2022-06-17,0,"Latvia",0
2022-06-17,1,"Latvia",0
2022-06-17,2,"Latvia",0
2022-06-17,3,"Latvia",0
2022-06-17,4,"Latvia",0
2022-06-17,5,"Latvia",0
2022-06-17,6,"Latvia",0
2022-06-17,7,"Latvia",0
2022-06-17,8,"Latvia",0
2022-06-17,9,"Latvia",0
2022-06-17,10,"Latvia",0
2022-06-17,11,"Latvia",0
2022-06-17,12,"Latvia",0
2022-06-17,13,"Latvia",0
2022-06-17,14,"Latvia",0
2022-06-17,15,"Latvia",0
2022-06-17,16,"Latvia",1
2022-06-17,0,"Netherlands",1
2022-06-17,1,"Netherlands",1
2022-06-17,2,"Netherlands",2
2022-06-17,3,"Netherlands",3
2022-06-17,4,"Netherlands",2
2022-06-17,5,"Netherlands",2
2022-06-17,6,"Netherlands",0
2022-06-17,7,"Netherlands",0
2022-06-17,8,"Netherlands",2
2022-06-17,9,"Netherlands",0
2022-06-17,10,"Netherlands",0
2022-06-17,11,"Netherlands",0
2022-06-17,12,"Netherlands",0
2022-06-17,13,"Netherlands",2
2022-06-17,14,"Netherlands",0
2022-06-17,15,"Netherlands",0
2022-06-17,16,"Netherlands",1
2022-06-17,0,"Norway",2
2022-06-17,1,"Norway",1
2022-06-17,2,"Norway",0
2022-06-17,3,"Norway",0
2022-06-17,4,"Norway",1
2022-06-17,5,"Norway",1
2022-06-17,6,"Norway",0
2022-06-17,7,"Norway",0
2022-06-17,8,"Norway",0
2022-06-17,9,"Norway",0
2022-06-17,10,"Norway",0
2022-06-17,11,"Norway",0
2022-06-17,12,"Norway",0
2022-06-17,13,"Norway",0
2022-06-17,14,"Norway",0
2022-06-17,15,"Norway",0
2022-06-17,16,"Norway",0
2022-06-17,0,"Poland",3
2022-06-17,1,"Poland",1
2022-06-17,2,"Poland",0
2022-06-17,3,"Poland",0
2022-06-17,4,"Poland",0
2022-06-17,5,"Poland",3
2022-06-17,6,"Poland",0
2022-06-17,7,"Poland",1
2022-06-17,8,"Poland",0
2022-06-17,9,"Poland",0
2022-06-17,10,"Poland",0
2022-06-17,11,"Poland",0
2022-06-17,12,"Poland",0
2022-06-17,13,"Poland",0
2022-06-17,14,"Poland",0
2022-06-17,15,"Poland",0
2022-06-17,16,"Poland",0
2022-06-17,0,"Portugal",0
2022-06-17,1,"Portugal",3
2022-06-17,2,"Portugal",2
2022-06-17,3,"Portugal",0
2022-06-17,4,"Portugal",0
2022-06-17,5,"Portugal",1
2022-06-17,6,"Portugal",1
2022-06-17,7,"Portugal",0
2022-06-17,8,"Portugal",1
2022-06-17,9,"Portugal",0
2022-06-17,10,"Portugal",0
2022-06-17,11,"Portugal",0
2022-06-17,12,"Portugal",0
2022-06-17,13,"Portugal",1
2022-06-17,14,"Portugal",0
2022-06-17,15,"Portugal",1
2022-06-17,16,"Portugal",1
2022-06-17,0,"Republic of Moldova",0
2022-06-17,1,"Republic of Moldova",0
2022-06-17,2,"Republic of Moldova",0
2022-06-17,3,"Republic of Moldova",0
2022-06-17,4,"Republic of Moldova",0
2022-06-17,5,"Republic of Moldova",1
2022-06-17,6,"Republic of Moldova",0
2022-06-17,7,"Republic of Moldova",0
2022-06-17,8,"Republic of Moldova",0
2022-06-17,9,"Republic of Moldova",0
2022-06-17,10,"Republic of Moldova",0
2022-06-17,11,"Republic of Moldova",0
2022-06-17,12,"Republic of Moldova",0
2022-06-17,13,"Republic of Moldova",0
2022-06-17,14,"Republic of Moldova",0
2022-06-17,15,"Republic of Moldova",0
2022-06-17,16,"Republic of Moldova",0
2022-06-17,0,"Serbia",0
2022-06-17,1,"Serbia",0
2022-06-17,2,"Serbia",0
2022-06-17,3,"Serbia",0
2022-06-17,4,"Serbia",0
2022-06-17,5,"Serbia",0
2022-06-17,6,"Serbia",0
2022-06-17,7,"Serbia",0
2022-06-17,8,"Serbia",0
2022-06-17,9,"Serbia",1
2022-06-17,10,"Serbia",0
2022-06-17,11,"Serbia",0
2022-06-17,12,"Serbia",0
2022-06-17,13,"Serbia",0
2022-06-17,14,"Serbia",0
2022-06-17,15,"Serbia",0
2022-06-17,16,"Serbia",0
2022-06-17,0,"Spain",1
2022-06-17,1,"Spain",7
2022-06-17,2,"Spain",4
2022-06-17,3,"Spain",4
2022-06-17,4,"Spain",3
2022-06-17,5,"Spain",2
2022-06-17,6,"Spain",2
2022-06-17,7,"Spain",3
2022-06-17,8,"Spain",1
2022-06-17,9,"Spain",2
2022-06-17,10,"Spain",0
2022-06-17,11,"Spain",0
2022-06-17,12,"Spain",2
2022-06-17,13,"Spain",2
2022-06-17,14,"Spain",0
2022-06-17,15,"Spain",1
2022-06-17,16,"Spain",3
2022-06-17,0,"Sweden",1
2022-06-17,1,"Sweden",1
2022-06-17,2,"Sweden",0
2022-06-17,3,"Sweden",1
2022-06-17,4,"Sweden",2
2022-06-17,5,"Sweden",2
2022-06-17,6,"Sweden",0
2022-06-17,7,"Sweden",0
2022-06-17,8,"Sweden",0
2022-06-17,9,"Sweden",1
2022-06-17,10,"Sweden",0
2022-06-17,11,"Sweden",0
2022-06-17,12,"Sweden",1
2022-06-17,13,"Sweden",0
2022-06-17,14,"Sweden",0
2022-06-17,15,"Sweden",0
2022-06-17,16,"Sweden",0
2022-06-17,0,"United KIngdom",16
2022-06-17,1,"United KIngdom",22
2022-06-17,2,"United KIngdom",31
2022-06-17,3,"United KIngdom",74
2022-06-17,4,"United KIngdom",48
2022-06-17,5,"United KIngdom",25
2022-06-17,6,"United KIngdom",13
2022-06-17,7,"United KIngdom",6
2022-06-17,8,"United KIngdom",7
2022-06-17,9,"United KIngdom",6
2022-06-17,10,"United KIngdom",3
2022-06-17,11,"United KIngdom",1
2022-06-17,12,"United KIngdom",0
2022-06-17,13,"United KIngdom",3
2022-06-17,14,"United KIngdom",4
2022-06-17,15,"United KIngdom",3
2022-06-17,16,"United KIngdom",0
2022-07-01,0,"Austria",0
2022-07-01,1,"Austria",0
2022-07-01,2,"Austria",0
2022-07-01,3,"Austria",1
2022-07-01,4,"Austria",0
2022-07-01,5,"Austria",1
2022-07-01,6,"Austria",0
2022-07-01,7,"Austria",0
2022-07-01,8,"Austria",0
2022-07-01,9,"Austria",1
2022-07-01,10,"Austria",0
2022-07-01,11,"Austria",0
2022-07-01,12,"Austria",0
2022-07-01,13,"Austria",0
2022-07-01,14,"Austria",0
2022-07-01,15,"Austria",0
2022-07-01,16,"Austria",0
2022-07-01,0,"Belgium",3
2022-07-01,1,"Belgium",2
2022-07-01,2,"Belgium",1
2022-07-01,3,"Belgium",2
2022-07-01,4,"Belgium",0
2022-07-01,5,"Belgium",1
2022-07-01,6,"Belgium",0
2022-07-01,7,"Belgium",0
2022-07-01,8,"Belgium",1
2022-07-01,9,"Belgium",1
2022-07-01,10,"Belgium",2
2022-07-01,11,"Belgium",1
2022-07-01,12,"Belgium",0
2022-07-01,13,"Belgium",0
2022-07-01,14,"Belgium",0
2022-07-01,15,"Belgium",0
2022-07-01,16,"Belgium",0
2022-07-01,0,"Bulgaria",0
2022-07-01,1,"Bulgaria",0
2022-07-01,2,"Bulgaria",0
2022-07-01,3,"Bulgaria",0
2022-07-01,4,"Bulgaria",1
2022-07-01,5,"Bulgaria",0
2022-07-01,6,"Bulgaria",0
2022-07-01,7,"Bulgaria",0
2022-07-01,8,"Bulgaria",0
2022-07-01,9,"Bulgaria",0
2022-07-01,10,"Bulgaria",0
2022-07-01,11,"Bulgaria",0
2022-07-01,12,"Bulgaria",0
2022-07-01,13,"Bulgaria",0
2022-07-01,14,"Bulgaria",0
2022-07-01,15,"Bulgaria",0
2022-07-01,16,"Bulgaria",0
2022-07-01,0,"Cyprus",0
2022-07-01,1,"Cyprus",0
2022-07-01,2,"Cyprus",0
2022-07-01,3,"Cyprus",0
2022-07-01,4,"Cyprus",1
2022-07-01,5,"Cyprus",1
2022-07-01,6,"Cyprus",0
2022-07-01,7,"Cyprus",0
2022-07-01,8,"Cyprus",0
2022-07-01,9,"Cyprus",0
2022-07-01,10,"Cyprus",0
2022-07-01,11,"Cyprus",0
2022-07-01,12,"Cyprus",0
2022-07-01,13,"Cyprus",0
2022-07-01,14,"Cyprus",0
2022-07-01,15,"Cyprus",0
2022-07-01,16,"Cyprus",0
2022-07-01,0,"Denmark",0
2022-07-01,1,"Denmark",1
2022-07-01,2,"Denmark",1
2022-07-01,3,"Denmark",1
2022-07-01,4,"Denmark",1
2022-07-01,5,"Denmark",1
2022-07-01,6,"Denmark",0
2022-07-01,7,"Denmark",1
2022-07-01,8,"Denmark",0
2022-07-01,9,"Denmark",0
2022-07-01,10,"Denmark",0
2022-07-01,11,"Denmark",0
2022-07-01,12,"Denmark",0
2022-07-01,13,"Denmark",0
2022-07-01,14,"Denmark",1
2022-07-01,15,"Denmark",0
2022-07-01,16,"Denmark",0
2022-07-01,0,"France",2
2022-07-01,1,"France",0
2022-07-01,2,"France",1
2022-07-01,3,"France",1
2022-07-01,4,"France",1
2022-07-01,5,"France",0
2022-07-01,6,"France",0
2022-07-01,7,"France",1
2022-07-01,8,"France",0
2022-07-01,9,"France",0
2022-07-01,10,"France",0
2022-07-01,11,"France",0
2022-07-01,12,"France",0
2022-07-01,13,"France",0
2022-07-01,14,"France",1
2022-07-01,15,"France",0
2022-07-01,16,"France",0
2022-07-01,0,"Greece",0
2022-07-01,1,"Greece",2
2022-07-01,2,"Greece",2
2022-07-01,3,"Greece",0
2022-07-01,4,"Greece",1
2022-07-01,5,"Greece",2
2022-07-01,6,"Greece",1
2022-07-01,7,"Greece",0
2022-07-01,8,"Greece",0
2022-07-01,9,"Greece",0
2022-07-01,10,"Greece",1
2022-07-01,11,"Greece",0
2022-07-01,12,"Greece",1
2022-07-01,13,"Greece",0
2022-07-01,14,"Greece",0
2022-07-01,15,"Greece",1
2022-07-01,16,"Greece",0
2022-07-01,0,"Ireland",2
2022-07-01,1,"Ireland",2
2022-07-01,2,"Ireland",2
2022-07-01,3,"Ireland",4
2022-07-01,4,"Ireland",1
2022-07-01,5,"Ireland",1
2022-07-01,6,"Ireland",0
2022-07-01,7,"Ireland",2
2022-07-01,8,"Ireland",0
2022-07-01,9,"Ireland",0
2022-07-01,10,"Ireland",0
2022-07-01,11,"Ireland",1
2022-07-01,12,"Ireland",1
2022-07-01,13,"Ireland",0
2022-07-01,14,"Ireland",0
2022-07-01,15,"Ireland",0
2022-07-01,16,"Ireland",0
2022-07-01,0,"Israel",0
2022-07-01,1,"Israel",1
2022-07-01,2,"Israel",1
2022-07-01,3,"Israel",1
2022-07-01,4,"Israel",0
2022-07-01,5,"Israel",1
2022-07-01,6,"Israel",0
2022-07-01,7,"Israel",0
2022-07-01,8,"Israel",0
2022-07-01,9,"Israel",0
2022-07-01,10,"Israel",0
2022-07-01,11,"Israel",1
2022-07-01,12,"Israel",0
2022-07-01,13,"Israel",0
2022-07-01,14,"Israel",0
2022-07-01,15,"Israel",0
2022-07-01,16,"Israel",0
2022-07-01,0,"Italy",4
2022-07-01,1,"Italy",5
2022-07-01,2,"Italy",6
2022-07-01,3,"Italy",3
2022-07-01,4,"Italy",3
2022-07-01,5,"Italy",2
2022-07-01,6,"Italy",3
2022-07-01,7,"Italy",1
2022-07-01,8,"Italy",0
2022-07-01,9,"Italy",1
2022-07-01,10,"Italy",2
2022-07-01,11,"Italy",1
2022-07-01,12,"Italy",0
2022-07-01,13,"Italy",2
2022-07-01,14,"Italy",1
2022-07-01,15,"Italy",1
2022-07-01,16,"Italy",0
2022-07-01,0,"Latvia",0
2022-07-01,1,"Latvia",0
2022-07-01,2,"Latvia",0
2022-07-01,3,"Latvia",0
2022-07-01,4,"Latvia",0
2022-07-01,5,"Latvia",0
2022-07-01,6,"Latvia",0
2022-07-01,7,"Latvia",0
2022-07-01,8,"Latvia",0
2022-07-01,9,"Latvia",0
2022-07-01,10,"Latvia",0
2022-07-01,11,"Latvia",0
2022-07-01,12,"Latvia",0
2022-07-01,13,"Latvia",0
2022-07-01,14,"Latvia",0
2022-07-01,15,"Latvia",0
2022-07-01,16,"Latvia",1
2022-07-01,0,"Luxembourg",0
2022-07-01,1,"Luxembourg",1
2022-07-01,2,"Luxembourg",0
2022-07-01,3,"Luxembourg",0
2022-07-01,4,"Luxembourg",0
2022-07-01,5,"Luxembourg",0
2022-07-01,6,"Luxembourg",0
2022-07-01,7,"Luxembourg",0
2022-07-01,8,"Luxembourg",0
2022-07-01,9,"Luxembourg",0
2022-07-01,10,"Luxembourg",0
2022-07-01,11,"Luxembourg",0
2022-07-01,12,"Luxembourg",0
2022-07-01,13,"Luxembourg",0
2022-07-01,14,"Luxembourg",0
2022-07-01,15,"Luxembourg",0
2022-07-01,16,"Luxembourg",0
2022-07-01,0,"Netherlands",1
2022-07-01,1,"Netherlands",1
2022-07-01,2,"Netherlands",2
2022-07-01,3,"Netherlands",3
2022-07-01,4,"Netherlands",2
2022-07-01,5,"Netherlands",2
2022-07-01,6,"Netherlands",0
2022-07-01,7,"Netherlands",0
2022-07-01,8,"Netherlands",1
2022-07-01,9,"Netherlands",0
2022-07-01,10,"Netherlands",0
2022-07-01,11,"Netherlands",0
2022-07-01,12,"Netherlands",0
2022-07-01,13,"Netherlands",2
2022-07-01,14,"Netherlands",0
2022-07-01,15,"Netherlands",0
2022-07-01,16,"Netherlands",1
2022-07-01,0,"Norway",2
2022-07-01,1,"Norway",1
2022-07-01,2,"Norway",0
2022-07-01,3,"Norway",0
2022-07-01,4,"Norway",1
2022-07-01,5,"Norway",1
2022-07-01,6,"Norway",0
2022-07-01,7,"Norway",0
2022-07-01,8,"Norway",0
2022-07-01,9,"Norway",0
2022-07-01,10,"Norway",0
2022-07-01,11,"Norway",0
2022-07-01,12,"Norway",0
2022-07-01,13,"Norway",0
2022-07-01,14,"Norway",0
2022-07-01,15,"Norway",0
2022-07-01,16,"Norway",0
2022-07-01,0,"Poland",4
2022-07-01,1,"Poland",1
2022-07-01,2,"Poland",0
2022-07-01,3,"Poland",0
2022-07-01,4,"Poland",0
2022-07-01,5,"Poland",3
2022-07-01,6,"Poland",0
2022-07-01,7,"Poland",2
2022-07-01,8,"Poland",0
2022-07-01,9,"Poland",0
2022-07-01,10,"Poland",0
2022-07-01,11,"Poland",0
2022-07-01,12,"Poland",0
2022-07-01,13,"Poland",0
2022-07-01,14,"Poland",0
2022-07-01,15,"Poland",0
2022-07-01,16,"Poland",0
2022-07-01,0,"Portugal",6
2022-07-01,1,"Portugal",3
2022-07-01,2,"Portugal",2
2022-07-01,3,"Portugal",0
2022-07-01,4,"Portugal",1
2022-07-01,5,"Portugal",1
2022-07-01,6,"Portugal",1
2022-07-01,7,"Portugal",0
2022-07-01,8,"Portugal",2
2022-07-01,9,"Portugal",0
2022-07-01,10,"Portugal",0
2022-07-01,11,"Portugal",0
2022-07-01,12,"Portugal",0
2022-07-01,13,"Portugal",1
2022-07-01,14,"Portugal",0
2022-07-01,15,"Portugal",1
2022-07-01,16,"Portugal",1
2022-07-01,0,"Republic of Moldova",0
2022-07-01,1,"Republic of Moldova",0
2022-07-01,2,"Republic of Moldova",0
2022-07-01,3,"Republic of Moldova",0
2022-07-01,4,"Republic of Moldova",0
2022-07-01,5,"Republic of Moldova",1
2022-07-01,6,"Republic of Moldova",0
2022-07-01,7,"Republic of Moldova",0
2022-07-01,8,"Republic of Moldova",0
2022-07-01,9,"Republic of Moldova",0
2022-07-01,10,"Republic of Moldova",0
2022-07-01,11,"Republic of Moldova",0
2022-07-01,12,"Republic of Moldova",0
2022-07-01,13,"Republic of Moldova",0
2022-07-01,14,"Republic of Moldova",0
2022-07-01,15,"Republic of Moldova",0
2022-07-01,16,"Republic of Moldova",0
2022-07-01,0,"Serbia",0
2022-07-01,1,"Serbia",0
2022-07-01,2,"Serbia",0
2022-07-01,3,"Serbia",0
2022-07-01,4,"Serbia",0
2022-07-01,5,"Serbia",0
2022-07-01,6,"Serbia",0
2022-07-01,7,"Serbia",0
2022-07-01,8,"Serbia",0
2022-07-01,9,"Serbia",1
2022-07-01,10,"Serbia",0
2022-07-01,11,"Serbia",0
2022-07-01,12,"Serbia",0
2022-07-01,13,"Serbia",0
2022-07-01,14,"Serbia",0
2022-07-01,15,"Serbia",0
2022-07-01,16,"Serbia",0
2022-07-01,0,"Spain",1
2022-07-01,1,"Spain",7
2022-07-01,2,"Spain",4
2022-07-01,3,"Spain",5
2022-07-01,4,"Spain",3
2022-07-01,5,"Spain",3
2022-07-01,6,"Spain",2
2022-07-01,7,"Spain",3
2022-07-01,8,"Spain",2
2022-07-01,9,"Spain",2
2022-07-01,10,"Spain",0
2022-07-01,11,"Spain",0
2022-07-01,12,"Spain",2
2022-07-01,13,"Spain",2
2022-07-01,14,"Spain",0
2022-07-01,15,"Spain",1
2022-07-01,16,"Spain",3
2022-07-01,0,"Sweden",1
2022-07-01,1,"Sweden",2
2022-07-01,2,"Sweden",0
2022-07-01,3,"Sweden",1
2022-07-01,4,"Sweden",3
2022-07-01,5,"Sweden",2
2022-07-01,6,"Sweden",0
2022-07-01,7,"Sweden",0
2022-07-01,8,"Sweden",0
2022-07-01,9,"Sweden",1
2022-07-01,10,"Sweden",0
2022-07-01,11,"Sweden",0
2022-07-01,12,"Sweden",1
2022-07-01,13,"Sweden",0
2022-07-01,14,"Sweden",0
2022-07-01,15,"Sweden",0
2022-07-01,16,"Sweden",0
2022-07-01,0,"United KIngdom",16
2022-07-01,1,"United KIngdom",22
2022-07-01,2,"United KIngdom",30
2022-07-01,3,"United KIngdom",76
2022-07-01,4,"United KIngdom",48
2022-07-01,5,"United KIngdom",27
2022-07-01,6,"United KIngdom",13
2022-07-01,7,"United KIngdom",7
2022-07-01,8,"United KIngdom",9
2022-07-01,9,"United KIngdom",6
2022-07-01,10,"United KIngdom",3
2022-07-01,11,"United KIngdom",1
2022-07-01,12,"United KIngdom",0
2022-07-01,13,"United KIngdom",3
2022-07-01,14,"United KIngdom",4
2022-07-01,15,"United KIngdom",3
2022-07-01,16,"United KIngdom",0
2022-07-29,0,"Austria",0
2022-07-29,1,"Austria",0
2022-07-29,2,"Austria",0
2022-07-29,3,"Austria",2
2022-07-29,4,"Austria",1
2022-07-29,5,"Austria",1
2022-07-29,6,"Austria",1
2022-07-29,7,"Austria",0
2022-07-29,8,"Austria",0
2022-07-29,9,"Austria",1
2022-07-29,10,"Austria",0
2022-07-29,11,"Austria",0
2022-07-29,12,"Austria",0
2022-07-29,13,"Austria",0
2022-07-29,14,"Austria",0
2022-07-29,15,"Austria",0
2022-07-29,16,"Austria",0
2022-07-29,0,"Belgium",3
2022-07-29,1,"Belgium",2
2022-07-29,2,"Belgium",1
2022-07-29,3,"Belgium",2
2022-07-29,4,"Belgium",0
2022-07-29,5,"Belgium",1
2022-07-29,6,"Belgium",0
2022-07-29,7,"Belgium",0
2022-07-29,8,"Belgium",1
2022-07-29,9,"Belgium",1
2022-07-29,10,"Belgium",2
2022-07-29,11,"Belgium",1
2022-07-29,12,"Belgium",0
2022-07-29,13,"Belgium",0
2022-07-29,14,"Belgium",0
2022-07-29,15,"Belgium",0
2022-07-29,16,"Belgium",0
2022-07-29,0,"Bulgaria",0
2022-07-29,1,"Bulgaria",0
2022-07-29,2,"Bulgaria",0
2022-07-29,3,"Bulgaria",0
2022-07-29,4,"Bulgaria",1
2022-07-29,5,"Bulgaria",0
2022-07-29,6,"Bulgaria",0
2022-07-29,7,"Bulgaria",0
2022-07-29,8,"Bulgaria",0
2022-07-29,9,"Bulgaria",0
2022-07-29,10,"Bulgaria",0
2022-07-29,11,"Bulgaria",0
2022-07-29,12,"Bulgaria",0
2022-07-29,13,"Bulgaria",0
2022-07-29,14,"Bulgaria",0
2022-07-29,15,"Bulgaria",0
2022-07-29,16,"Bulgaria",0
2022-07-29,0,"Cyprus",0
2022-07-29,1,"Cyprus",0
2022-07-29,2,"Cyprus",0
2022-07-29,3,"Cyprus",0
2022-07-29,4,"Cyprus",1
2022-07-29,5,"Cyprus",1
2022-07-29,6,"Cyprus",0
2022-07-29,7,"Cyprus",0
2022-07-29,8,"Cyprus",0
2022-07-29,9,"Cyprus",0
2022-07-29,10,"Cyprus",0
2022-07-29,11,"Cyprus",0
2022-07-29,12,"Cyprus",0
2022-07-29,13,"Cyprus",0
2022-07-29,14,"Cyprus",0
2022-07-29,15,"Cyprus",0
2022-07-29,16,"Cyprus",0
2022-07-29,0,"Denmark",1
2022-07-29,1,"Denmark",1
2022-07-29,2,"Denmark",1
2022-07-29,3,"Denmark",1
2022-07-29,4,"Denmark",1
2022-07-29,5,"Denmark",1
2022-07-29,6,"Denmark",0
2022-07-29,7,"Denmark",1
2022-07-29,8,"Denmark",0
2022-07-29,9,"Denmark",0
2022-07-29,10,"Denmark",0
2022-07-29,11,"Denmark",0
2022-07-29,12,"Denmark",0
2022-07-29,13,"Denmark",0
2022-07-29,14,"Denmark",1
2022-07-29,15,"Denmark",0
2022-07-29,16,"Denmark",0
2022-07-29,0,"France",2
2022-07-29,1,"France",1
2022-07-29,2,"France",1
2022-07-29,3,"France",1
2022-07-29,4,"France",1
2022-07-29,5,"France",0
2022-07-29,6,"France",0
2022-07-29,7,"France",1
2022-07-29,8,"France",0
2022-07-29,9,"France",0
2022-07-29,10,"France",0
2022-07-29,11,"France",0
2022-07-29,12,"France",1
2022-07-29,13,"France",0
2022-07-29,14,"France",1
2022-07-29,15,"France",0
2022-07-29,16,"France",0
2022-07-29,0,"Greece",0
2022-07-29,1,"Greece",3
2022-07-29,2,"Greece",2
2022-07-29,3,"Greece",0
2022-07-29,4,"Greece",1
2022-07-29,5,"Greece",2
2022-07-29,6,"Greece",1
2022-07-29,7,"Greece",0
2022-07-29,8,"Greece",0
2022-07-29,9,"Greece",0
2022-07-29,10,"Greece",1
2022-07-29,11,"Greece",0
2022-07-29,12,"Greece",1
2022-07-29,13,"Greece",0
2022-07-29,14,"Greece",0
2022-07-29,15,"Greece",1
2022-07-29,16,"Greece",0
2022-07-29,0,"Ireland",3
2022-07-29,1,"Ireland",2
2022-07-29,2,"Ireland",3
2022-07-29,3,"Ireland",4
2022-07-29,4,"Ireland",3
2022-07-29,5,"Ireland",5
2022-07-29,6,"Ireland",0
2022-07-29,7,"Ireland",2
2022-07-29,8,"Ireland",0
2022-07-29,9,"Ireland",0
2022-07-29,10,"Ireland",0
2022-07-29,11,"Ireland",1
2022-07-29,12,"Ireland",1
2022-07-29,13,"Ireland",0
2022-07-29,14,"Ireland",0
2022-07-29,15,"Ireland",0
2022-07-29,16,"Ireland",0
2022-07-29,0,"Israel",0
2022-07-29,1,"Israel",1
2022-07-29,2,"Israel",1
2022-07-29,3,"Israel",1
2022-07-29,4,"Israel",0
2022-07-29,5,"Israel",1
2022-07-29,6,"Israel",0
2022-07-29,7,"Israel",0
2022-07-29,8,"Israel",0
2022-07-29,9,"Israel",0
2022-07-29,10,"Israel",0
2022-07-29,11,"Israel",1
2022-07-29,12,"Israel",0
2022-07-29,13,"Israel",0
2022-07-29,14,"Israel",0
2022-07-29,15,"Israel",0
2022-07-29,16,"Israel",0
2022-07-29,0,"Italy",4
2022-07-29,1,"Italy",5
2022-07-29,2,"Italy",6
2022-07-29,3,"Italy",3
2022-07-29,4,"Italy",3
2022-07-29,5,"Italy",2
2022-07-29,6,"Italy",3
2022-07-29,7,"Italy",1
2022-07-29,8,"Italy",0
2022-07-29,9,"Italy",1
2022-07-29,10,"Italy",2
2022-07-29,11,"Italy",1
2022-07-29,12,"Italy",0
2022-07-29,13,"Italy",2
2022-07-29,14,"Italy",1
2022-07-29,15,"Italy",1
2022-07-29,16,"Italy",1
2022-07-29,0,"Latvia",0
2022-07-29,1,"Latvia",0
2022-07-29,2,"Latvia",0
2022-07-29,3,"Latvia",0
2022-07-29,4,"Latvia",0
2022-07-29,5,"Latvia",0
2022-07-29,6,"Latvia",0
2022-07-29,7,"Latvia",0
2022-07-29,8,"Latvia",0
2022-07-29,9,"Latvia",0
2022-07-29,10,"Latvia",0
2022-07-29,11,"Latvia",0
2022-07-29,12,"Latvia",0
2022-07-29,13,"Latvia",0
2022-07-29,14,"Latvia",0
2022-07-29,15,"Latvia",0
2022-07-29,16,"Latvia",1
2022-07-29,0,"Luxembourg",0
2022-07-29,1,"Luxembourg",1
2022-07-29,2,"Luxembourg",0
2022-07-29,3,"Luxembourg",0
2022-07-29,4,"Luxembourg",0
2022-07-29,5,"Luxembourg",0
2022-07-29,6,"Luxembourg",0
2022-07-29,7,"Luxembourg",0
2022-07-29,8,"Luxembourg",0
2022-07-29,9,"Luxembourg",0
2022-07-29,10,"Luxembourg",0
2022-07-29,11,"Luxembourg",0
2022-07-29,12,"Luxembourg",0
2022-07-29,13,"Luxembourg",0
2022-07-29,14,"Luxembourg",0
2022-07-29,15,"Luxembourg",0
2022-07-29,16,"Luxembourg",0
2022-07-29,0,"Netherlands",1
2022-07-29,1,"Netherlands",1
2022-07-29,2,"Netherlands",2
2022-07-29,3,"Netherlands",3
2022-07-29,4,"Netherlands",2
2022-07-29,5,"Netherlands",2
2022-07-29,6,"Netherlands",0
2022-07-29,7,"Netherlands",0
2022-07-29,8,"Netherlands",1
2022-07-29,9,"Netherlands",0
2022-07-29,10,"Netherlands",0
2022-07-29,11,"Netherlands",0
2022-07-29,12,"Netherlands",0
2022-07-29,13,"Netherlands",2
2022-07-29,14,"Netherlands",0
2022-07-29,15,"Netherlands",0
2022-07-29,16,"Netherlands",1
2022-07-29,0,"Norway",2
2022-07-29,1,"Norway",1
2022-07-29,2,"Norway",0
2022-07-29,3,"Norway",0
2022-07-29,4,"Norway",1
2022-07-29,5,"Norway",2
2022-07-29,6,"Norway",0
2022-07-29,7,"Norway",0
2022-07-29,8,"Norway",0
2022-07-29,9,"Norway",0
2022-07-29,10,"Norway",0
2022-07-29,11,"Norway",0
2022-07-29,12,"Norway",0
2022-07-29,13,"Norway",0
2022-07-29,14,"Norway",0
2022-07-29,15,"Norway",0
2022-07-29,16,"Norway",0
2022-07-29,0,"Poland",5
2022-07-29,1,"Poland",2
2022-07-29,2,"Poland",0
2022-07-29,3,"Poland",0
2022-07-29,4,"Poland",0
2022-07-29,5,"Poland",4
2022-07-29,6,"Poland",0
2022-07-29,7,"Poland",3
2022-07-29,8,"Poland",0
2022-07-29,9,"Poland",0
2022-07-29,10,"Poland",0
2022-07-29,11,"Poland",0
2022-07-29,12,"Poland",0
2022-07-29,13,"Poland",1
2022-07-29,14,"Poland",0
2022-07-29,15,"Poland",0
2022-07-29,16,"Poland",0
2022-07-29,0,"Portugal",8
2022-07-29,1,"Portugal",4
2022-07-29,2,"Portugal",1
2022-07-29,3,"Portugal",0
2022-07-29,4,"Portugal",1
2022-07-29,5,"Portugal",1
2022-07-29,6,"Portugal",1
2022-07-29,7,"Portugal",0
2022-07-29,8,"Portugal",2
2022-07-29,9,"Portugal",0
2022-07-29,10,"Portugal",0
2022-07-29,11,"Portugal",0
2022-07-29,12,"Portugal",0
2022-07-29,13,"Portugal",1
2022-07-29,14,"Portugal",0
2022-07-29,15,"Portugal",1
2022-07-29,16,"Portugal",0
2022-07-29,0,"Republic of Moldova",0
2022-07-29,1,"Republic of Moldova",0
2022-07-29,2,"Republic of Moldova",0
2022-07-29,3,"Republic of Moldova",0
2022-07-29,4,"Republic of Moldova",0
2022-07-29,5,"Republic of Moldova",1
2022-07-29,6,"Republic of Moldova",0
2022-07-29,7,"Republic of Moldova",0
2022-07-29,8,"Republic of Moldova",0
2022-07-29,9,"Republic of Moldova",0
2022-07-29,10,"Republic of Moldova",0
2022-07-29,11,"Republic of Moldova",0
2022-07-29,12,"Republic of Moldova",0
2022-07-29,13,"Republic of Moldova",0
2022-07-29,14,"Republic of Moldova",0
2022-07-29,15,"Republic of Moldova",0
2022-07-29,16,"Republic of Moldova",0
2022-07-29,0,"Serbia",0
2022-07-29,1,"Serbia",0
2022-07-29,2,"Serbia",0
2022-07-29,3,"Serbia",0
2022-07-29,4,"Serbia",0
2022-07-29,5,"Serbia",0
2022-07-29,6,"Serbia",0
2022-07-29,7,"Serbia",0
2022-07-29,8,"Serbia",0
2022-07-29,9,"Serbia",1
2022-07-29,10,"Serbia",0
2022-07-29,11,"Serbia",0
2022-07-29,12,"Serbia",0
2022-07-29,13,"Serbia",0
2022-07-29,14,"Serbia",0
2022-07-29,15,"Serbia",0
2022-07-29,16,"Serbia",0
2022-07-29,0,"Spain",5
2022-07-29,1,"Spain",7
2022-07-29,2,"Spain",4
2022-07-29,3,"Spain",5
2022-07-29,4,"Spain",3
2022-07-29,5,"Spain",3
2022-07-29,6,"Spain",3
2022-07-29,7,"Spain",3
2022-07-29,8,"Spain",2
2022-07-29,9,"Spain",3
2022-07-29,10,"Spain",0
2022-07-29,11,"Spain",0
2022-07-29,12,"Spain",2
2022-07-29,13,"Spain",2
2022-07-29,14,"Spain",0
2022-07-29,15,"Spain",1
2022-07-29,16,"Spain",3
2022-07-29,0,"Sweden",1
2022-07-29,1,"Sweden",3
2022-07-29,2,"Sweden",0
2022-07-29,3,"Sweden",2
2022-07-29,4,"Sweden",2
2022-07-29,5,"Sweden",2
2022-07-29,6,"Sweden",0
2022-07-29,7,"Sweden",0
2022-07-29,8,"Sweden",0
2022-07-29,9,"Sweden",1
2022-07-29,10,"Sweden",0
2022-07-29,11,"Sweden",0
2022-07-29,12,"Sweden",1
2022-07-29,13,"Sweden",0
2022-07-29,14,"Sweden",0
2022-07-29,15,"Sweden",0
2022-07-29,16,"Sweden",0
2022-07-29,0,"United KIngdom",12
2022-07-29,1,"United KIngdom",22
2022-07-29,2,"United KIngdom",32
2022-07-29,3,"United KIngdom",77
2022-07-29,4,"United KIngdom",51
2022-07-29,5,"United KIngdom",30
2022-07-29,6,"United KIngdom",13
2022-07-29,7,"United KIngdom",7
2022-07-29,8,"United KIngdom",9
2022-07-29,9,"United KIngdom",6
2022-07-29,10,"United KIngdom",2
2022-07-29,11,"United KIngdom",1
2022-07-29,12,"United KIngdom",0
2022-07-29,13,"United KIngdom",4
2022-07-29,14,"United KIngdom",4
2022-07-29,15,"United KIngdom",3
2022-07-29,16,"United KIngdom",0
2022-08-26,0,"Austria",0
2022-08-26,1,"Austria",0
2022-08-26,2,"Austria",0
2022-08-26,3,"Austria",2
2022-08-26,4,"Austria",1
2022-08-26,5,"Austria",1
2022-08-26,6,"Austria",1
2022-08-26,7,"Austria",0
2022-08-26,8,"Austria",0
2022-08-26,9,"Austria",1
2022-08-26,10,"Austria",0
2022-08-26,11,"Austria",0
2022-08-26,12,"Austria",0
2022-08-26,13,"Austria",0
2022-08-26,14,"Austria",0
2022-08-26,15,"Austria",0
2022-08-26,16,"Austria",0
2022-08-26,0,"Belgium",3
2022-08-26,1,"Belgium",2
2022-08-26,2,"Belgium",1
2022-08-26,3,"Belgium",2
2022-08-26,4,"Belgium",0
2022-08-26,5,"Belgium",1
2022-08-26,6,"Belgium",0
2022-08-26,7,"Belgium",0
2022-08-26,8,"Belgium",1
2022-08-26,9,"Belgium",1
2022-08-26,10,"Belgium",2
2022-08-26,11,"Belgium",1
2022-08-26,12,"Belgium",0
2022-08-26,13,"Belgium",0
2022-08-26,14,"Belgium",0
2022-08-26,15,"Belgium",0
2022-08-26,16,"Belgium",0
2022-08-26,0,"Bulgaria",0
2022-08-26,1,"Bulgaria",0
2022-08-26,2,"Bulgaria",0
2022-08-26,3,"Bulgaria",0
2022-08-26,4,"Bulgaria",1
2022-08-26,5,"Bulgaria",0
2022-08-26,6,"Bulgaria",0
2022-08-26,7,"Bulgaria",0
2022-08-26,8,"Bulgaria",0
2022-08-26,9,"Bulgaria",0
2022-08-26,10,"Bulgaria",0
2022-08-26,11,"Bulgaria",0
2022-08-26,12,"Bulgaria",0
2022-08-26,13,"Bulgaria",0
2022-08-26,14,"Bulgaria",0
2022-08-26,15,"Bulgaria",0
2022-08-26,16,"Bulgaria",0
2022-08-26,0,"Cyprus",0
2022-08-26,1,"Cyprus",0
2022-08-26,2,"Cyprus",0
2022-08-26,3,"Cyprus",0
2022-08-26,4,"Cyprus",1
2022-08-26,5,"Cyprus",1
2022-08-26,6,"Cyprus",0
2022-08-26,7,"Cyprus",0
2022-08-26,8,"Cyprus",0
2022-08-26,9,"Cyprus",0
2022-08-26,10,"Cyprus",0
2022-08-26,11,"Cyprus",0
2022-08-26,12,"Cyprus",0
2022-08-26,13,"Cyprus",0
2022-08-26,14,"Cyprus",0
2022-08-26,15,"Cyprus",0
2022-08-26,16,"Cyprus",0
2022-08-26,0,"Denmark",1
2022-08-26,1,"Denmark",1
2022-08-26,2,"Denmark",1
2022-08-26,3,"Denmark",1
2022-08-26,4,"Denmark",1
2022-08-26,5,"Denmark",1
2022-08-26,6,"Denmark",0
2022-08-26,7,"Denmark",1
2022-08-26,8,"Denmark",0
2022-08-26,9,"Denmark",0
2022-08-26,10,"Denmark",0
2022-08-26,11,"Denmark",0
2022-08-26,12,"Denmark",0
2022-08-26,13,"Denmark",0
2022-08-26,14,"Denmark",1
2022-08-26,15,"Denmark",0
2022-08-26,16,"Denmark",0
2022-08-26,0,"France",2
2022-08-26,1,"France",1
2022-08-26,2,"France",1
2022-08-26,3,"France",1
2022-08-26,4,"France",1
2022-08-26,5,"France",0
2022-08-26,6,"France",0
2022-08-26,7,"France",1
2022-08-26,8,"France",0
2022-08-26,9,"France",0
2022-08-26,10,"France",0
2022-08-26,11,"France",0
2022-08-26,12,"France",1
2022-08-26,13,"France",0
2022-08-26,14,"France",1
2022-08-26,15,"France",0
2022-08-26,16,"France",0
2022-08-26,0,"Greece",0
2022-08-26,1,"Greece",3
2022-08-26,2,"Greece",2
2022-08-26,3,"Greece",0
2022-08-26,4,"Greece",1
2022-08-26,5,"Greece",2
2022-08-26,6,"Greece",1
2022-08-26,7,"Greece",0
2022-08-26,8,"Greece",0
2022-08-26,9,"Greece",0
2022-08-26,10,"Greece",1
2022-08-26,11,"Greece",0
2022-08-26,12,"Greece",1
2022-08-26,13,"Greece",0
2022-08-26,14,"Greece",0
2022-08-26,15,"Greece",1
2022-08-26,16,"Greece",0
2022-08-26,0,"Ireland",3
2022-08-26,1,"Ireland",2
2022-08-26,2,"Ireland",3
2022-08-26,3,"Ireland",4
2022-08-26,4,"Ireland",4
2022-08-26,5,"Ireland",5
2022-08-26,6,"Ireland",0
2022-08-26,7,"Ireland",3
2022-08-26,8,"Ireland",0
2022-08-26,9,"Ireland",0
2022-08-26,10,"Ireland",0
2022-08-26,11,"Ireland",1
2022-08-26,12,"Ireland",1
2022-08-26,13,"Ireland",0
2022-08-26,14,"Ireland",0
2022-08-26,15,"Ireland",0
2022-08-26,16,"Ireland",0
2022-08-26,0,"Israel",0
2022-08-26,1,"Israel",1
2022-08-26,2,"Israel",1
2022-08-26,3,"Israel",1
2022-08-26,4,"Israel",0
2022-08-26,5,"Israel",1
2022-08-26,6,"Israel",0
2022-08-26,7,"Israel",0
2022-08-26,8,"Israel",0
2022-08-26,9,"Israel",0
2022-08-26,10,"Israel",0
2022-08-26,11,"Israel",1
2022-08-26,12,"Israel",0
2022-08-26,13,"Israel",0
2022-08-26,14,"Israel",0
2022-08-26,15,"Israel",0
2022-08-26,16,"Israel",0
2022-08-26,0,"Italy",4
2022-08-26,1,"Italy",5
2022-08-26,2,"Italy",6
2022-08-26,3,"Italy",3
2022-08-26,4,"Italy",3
2022-08-26,5,"Italy",2
2022-08-26,6,"Italy",3
2022-08-26,7,"Italy",1
2022-08-26,8,"Italy",0
2022-08-26,9,"Italy",1
2022-08-26,10,"Italy",2
2022-08-26,11,"Italy",1
2022-08-26,12,"Italy",0
2022-08-26,13,"Italy",2
2022-08-26,14,"Italy",1
2022-08-26,15,"Italy",1
2022-08-26,16,"Italy",1
2022-08-26,0,"Latvia",0
2022-08-26,1,"Latvia",0
2022-08-26,2,"Latvia",0
2022-08-26,3,"Latvia",0
2022-08-26,4,"Latvia",0
2022-08-26,5,"Latvia",0
2022-08-26,6,"Latvia",0
2022-08-26,7,"Latvia",0
2022-08-26,8,"Latvia",0
2022-08-26,9,"Latvia",0
2022-08-26,10,"Latvia",0
2022-08-26,11,"Latvia",0
2022-08-26,12,"Latvia",0
2022-08-26,13,"Latvia",0
2022-08-26,14,"Latvia",0
2022-08-26,15,"Latvia",0
2022-08-26,16,"Latvia",1
2022-08-26,0,"Luxembourg",0
2022-08-26,1,"Luxembourg",1
2022-08-26,2,"Luxembourg",0
2022-08-26,3,"Luxembourg",0
2022-08-26,4,"Luxembourg",0
2022-08-26,5,"Luxembourg",0
2022-08-26,6,"Luxembourg",0
2022-08-26,7,"Luxembourg",0
2022-08-26,8,"Luxembourg",0
2022-08-26,9,"Luxembourg",0
2022-08-26,10,"Luxembourg",0
2022-08-26,11,"Luxembourg",0
2022-08-26,12,"Luxembourg",0
2022-08-26,13,"Luxembourg",0
2022-08-26,14,"Luxembourg",0
2022-08-26,15,"Luxembourg",0
2022-08-26,16,"Luxembourg",0
2022-08-26,0,"Netherlands",1
2022-08-26,1,"Netherlands",1
2022-08-26,2,"Netherlands",2
2022-08-26,3,"Netherlands",3
2022-08-26,4,"Netherlands",2
2022-08-26,5,"Netherlands",2
2022-08-26,6,"Netherlands",0
2022-08-26,7,"Netherlands",0
2022-08-26,8,"Netherlands",1
2022-08-26,9,"Netherlands",0
2022-08-26,10,"Netherlands",0
2022-08-26,11,"Netherlands",0
2022-08-26,12,"Netherlands",0
2022-08-26,13,"Netherlands",2
2022-08-26,14,"Netherlands",0
2022-08-26,15,"Netherlands",0
2022-08-26,16,"Netherlands",1
2022-08-26,0,"Norway",2
2022-08-26,1,"Norway",1
2022-08-26,2,"Norway",0
2022-08-26,3,"Norway",0
2022-08-26,4,"Norway",1
2022-08-26,5,"Norway",2
2022-08-26,6,"Norway",0
2022-08-26,7,"Norway",0
2022-08-26,8,"Norway",0
2022-08-26,9,"Norway",0
2022-08-26,10,"Norway",0
2022-08-26,11,"Norway",0
2022-08-26,12,"Norway",0
2022-08-26,13,"Norway",0
2022-08-26,14,"Norway",0
2022-08-26,15,"Norway",0
2022-08-26,16,"Norway",0
2022-08-26,0,"Poland",5
2022-08-26,1,"Poland",2
2022-08-26,2,"Poland",0
2022-08-26,3,"Poland",1
2022-08-26,4,"Poland",0
2022-08-26,5,"Poland",4
2022-08-26,6,"Poland",1
2022-08-26,7,"Poland",3
2022-08-26,8,"Poland",0
2022-08-26,9,"Poland",0
2022-08-26,10,"Poland",0
2022-08-26,11,"Poland",0
2022-08-26,12,"Poland",0
2022-08-26,13,"Poland",2
2022-08-26,14,"Poland",0
2022-08-26,15,"Poland",0
2022-08-26,16,"Poland",0
2022-08-26,0,"Portugal",8
2022-08-26,1,"Portugal",4
2022-08-26,2,"Portugal",1
2022-08-26,3,"Portugal",0
2022-08-26,4,"Portugal",1
2022-08-26,5,"Portugal",1
2022-08-26,6,"Portugal",1
2022-08-26,7,"Portugal",0
2022-08-26,8,"Portugal",2
2022-08-26,9,"Portugal",0
2022-08-26,10,"Portugal",0
2022-08-26,11,"Portugal",0
2022-08-26,12,"Portugal",0
2022-08-26,13,"Portugal",1
2022-08-26,14,"Portugal",0
2022-08-26,15,"Portugal",1
2022-08-26,16,"Portugal",0
2022-08-26,0,"Republic of Moldova",0
2022-08-26,1,"Republic of Moldova",0
2022-08-26,2,"Republic of Moldova",0
2022-08-26,3,"Republic of Moldova",0
2022-08-26,4,"Republic of Moldova",0
2022-08-26,5,"Republic of Moldova",1
2022-08-26,6,"Republic of Moldova",0
2022-08-26,7,"Republic of Moldova",0
2022-08-26,8,"Republic of Moldova",0
2022-08-26,9,"Republic of Moldova",0
2022-08-26,10,"Republic of Moldova",0
2022-08-26,11,"Republic of Moldova",0
2022-08-26,12,"Republic of Moldova",0
2022-08-26,13,"Republic of Moldova",0
2022-08-26,14,"Republic of Moldova",0
2022-08-26,15,"Republic of Moldova",0
2022-08-26,16,"Republic of Moldova",0
2022-08-26,0,"Serbia",0
2022-08-26,1,"Serbia",0
2022-08-26,2,"Serbia",0
2022-08-26,3,"Serbia",0
2022-08-26,4,"Serbia",0
2022-08-26,5,"Serbia",0
2022-08-26,6,"Serbia",0
2022-08-26,7,"Serbia",0
2022-08-26,8,"Serbia",0
2022-08-26,9,"Serbia",1
2022-08-26,10,"Serbia",0
2022-08-26,11,"Serbia",0
2022-08-26,12,"Serbia",0
2022-08-26,13,"Serbia",0
2022-08-26,14,"Serbia",0
2022-08-26,15,"Serbia",0
2022-08-26,16,"Serbia",0
2022-08-26,0,"Spain",5
2022-08-26,1,"Spain",7
2022-08-26,2,"Spain",4
2022-08-26,3,"Spain",5
2022-08-26,4,"Spain",3
2022-08-26,5,"Spain",3
2022-08-26,6,"Spain",3
2022-08-26,7,"Spain",3
2022-08-26,8,"Spain",2
2022-08-26,9,"Spain",3
2022-08-26,10,"Spain",0
2022-08-26,11,"Spain",0
2022-08-26,12,"Spain",2
2022-08-26,13,"Spain",2
2022-08-26,14,"Spain",0
2022-08-26,15,"Spain",1
2022-08-26,16,"Spain",3
2022-08-26,0,"Sweden",1
2022-08-26,1,"Sweden",3
2022-08-26,2,"Sweden",0
2022-08-26,3,"Sweden",2
2022-08-26,4,"Sweden",2
2022-08-26,5,"Sweden",2
2022-08-26,6,"Sweden",0
2022-08-26,7,"Sweden",0
2022-08-26,8,"Sweden",0
2022-08-26,9,"Sweden",1
2022-08-26,10,"Sweden",0
2022-08-26,11,"Sweden",0
2022-08-26,12,"Sweden",1
2022-08-26,13,"Sweden",0
2022-08-26,14,"Sweden",0
2022-08-26,15,"Sweden",0
2022-08-26,16,"Sweden",0
2022-08-26,0,"United KIngdom",12
2022-08-26,1,"United KIngdom",22
2022-08-26,2,"United KIngdom",32
2022-08-26,3,"United KIngdom",77
2022-08-26,4,"United KIngdom",51
2022-08-26,5,"United KIngdom",30
2022-08-26,6,"United KIngdom",13
2022-08-26,7,"United KIngdom",7
2022-08-26,8,"United KIngdom",9
2022-08-26,9,"United KIngdom",6
2022-08-26,10,"United KIngdom",2
2022-08-26,11,"United KIngdom",1
2022-08-26,12,"United KIngdom",0
2022-08-26,13,"United KIngdom",4
2022-08-26,14,"United KIngdom",4
2022-08-26,15,"United KIngdom",3
2022-08-26,16,"United KIngdom",0
2022-09-30,0,"Austria",0
2022-09-30,1,"Austria",0
2022-09-30,2,"Austria",0
2022-09-30,3,"Austria",2
2022-09-30,4,"Austria",1
2022-09-30,5,"Austria",1
2022-09-30,6,"Austria",1
2022-09-30,7,"Austria",0
2022-09-30,8,"Austria",0
2022-09-30,9,"Austria",1
2022-09-30,10,"Austria",0
2022-09-30,11,"Austria",0
2022-09-30,12,"Austria",0
2022-09-30,13,"Austria",0
2022-09-30,14,"Austria",0
2022-09-30,15,"Austria",0
2022-09-30,16,"Austria",0
2022-09-30,0,"Belgium",3
2022-09-30,1,"Belgium",2
2022-09-30,2,"Belgium",1
2022-09-30,3,"Belgium",2
2022-09-30,4,"Belgium",0
2022-09-30,5,"Belgium",1
2022-09-30,6,"Belgium",0
2022-09-30,7,"Belgium",0
2022-09-30,8,"Belgium",1
2022-09-30,9,"Belgium",1
2022-09-30,10,"Belgium",2
2022-09-30,11,"Belgium",1
2022-09-30,12,"Belgium",0
2022-09-30,13,"Belgium",0
2022-09-30,14,"Belgium",0
2022-09-30,15,"Belgium",0
2022-09-30,16,"Belgium",0
2022-09-30,0,"Bulgaria",0
2022-09-30,1,"Bulgaria",0
2022-09-30,2,"Bulgaria",0
2022-09-30,3,"Bulgaria",0
2022-09-30,4,"Bulgaria",1
2022-09-30,5,"Bulgaria",0
2022-09-30,6,"Bulgaria",0
2022-09-30,7,"Bulgaria",0
2022-09-30,8,"Bulgaria",0
2022-09-30,9,"Bulgaria",0
2022-09-30,10,"Bulgaria",0
2022-09-30,11,"Bulgaria",0
2022-09-30,12,"Bulgaria",0
2022-09-30,13,"Bulgaria",0
2022-09-30,14,"Bulgaria",0
2022-09-30,15,"Bulgaria",0
2022-09-30,16,"Bulgaria",0
2022-09-30,0,"Cyprus",0
2022-09-30,1,"Cyprus",0
2022-09-30,2,"Cyprus",0
2022-09-30,3,"Cyprus",0
2022-09-30,4,"Cyprus",1
2022-09-30,5,"Cyprus",1
2022-09-30,6,"Cyprus",0
2022-09-30,7,"Cyprus",0
2022-09-30,8,"Cyprus",0
2022-09-30,9,"Cyprus",0
2022-09-30,10,"Cyprus",0
2022-09-30,11,"Cyprus",0
2022-09-30,12,"Cyprus",0
2022-09-30,13,"Cyprus",0
2022-09-30,14,"Cyprus",0
2022-09-30,15,"Cyprus",0
2022-09-30,16,"Cyprus",0
2022-09-30,0,"Denmark",1
2022-09-30,1,"Denmark",1
2022-09-30,2,"Denmark",1
2022-09-30,3,"Denmark",1
2022-09-30,4,"Denmark",1
2022-09-30,5,"Denmark",1
2022-09-30,6,"Denmark",0
2022-09-30,7,"Denmark",1
2022-09-30,8,"Denmark",0
2022-09-30,9,"Denmark",0
2022-09-30,10,"Denmark",0
2022-09-30,11,"Denmark",0
2022-09-30,12,"Denmark",0
2022-09-30,13,"Denmark",0
2022-09-30,14,"Denmark",1
2022-09-30,15,"Denmark",0
2022-09-30,16,"Denmark",0
2022-09-30,0,"Finland",0
2022-09-30,1,"Finland",0
2022-09-30,2,"Finland",0
2022-09-30,3,"Finland",0
2022-09-30,4,"Finland",0
2022-09-30,5,"Finland",0
2022-09-30,6,"Finland",0
2022-09-30,7,"Finland",1
2022-09-30,8,"Finland",0
2022-09-30,9,"Finland",0
2022-09-30,10,"Finland",0
2022-09-30,11,"Finland",0
2022-09-30,12,"Finland",0
2022-09-30,13,"Finland",0
2022-09-30,14,"Finland",0
2022-09-30,15,"Finland",0
2022-09-30,16,"Finland",0
2022-09-30,0,"France",3
2022-09-30,1,"France",0
2022-09-30,2,"France",1
2022-09-30,3,"France",1
2022-09-30,4,"France",1
2022-09-30,5,"France",0
2022-09-30,6,"France",0
2022-09-30,7,"France",2
2022-09-30,8,"France",0
2022-09-30,9,"France",0
2022-09-30,10,"France",0
2022-09-30,11,"France",0
2022-09-30,12,"France",1
2022-09-30,13,"France",0
2022-09-30,14,"France",1
2022-09-30,15,"France",0
2022-09-30,16,"France",0
2022-09-30,0,"Greece",2
2022-09-30,1,"Greece",3
2022-09-30,2,"Greece",3
2022-09-30,3,"Greece",0
2022-09-30,4,"Greece",3
2022-09-30,5,"Greece",2
2022-09-30,6,"Greece",2
2022-09-30,7,"Greece",0
2022-09-30,8,"Greece",1
2022-09-30,9,"Greece",0
2022-09-30,10,"Greece",1
2022-09-30,11,"Greece",0
2022-09-30,12,"Greece",1
2022-09-30,13,"Greece",0
2022-09-30,14,"Greece",0
2022-09-30,15,"Greece",1
2022-09-30,16,"Greece",1
2022-09-30,0,"Ireland",3
2022-09-30,1,"Ireland",3
2022-09-30,2,"Ireland",3
2022-09-30,3,"Ireland",5
2022-09-30,4,"Ireland",4
2022-09-30,5,"Ireland",6
2022-09-30,6,"Ireland",0
2022-09-30,7,"Ireland",3
2022-09-30,8,"Ireland",0
2022-09-30,9,"Ireland",0
2022-09-30,10,"Ireland",0
2022-09-30,11,"Ireland",1
2022-09-30,12,"Ireland",1
2022-09-30,13,"Ireland",0
2022-09-30,14,"Ireland",0
2022-09-30,15,"Ireland",0
2022-09-30,16,"Ireland",0
2022-09-30,0,"Israel",0
2022-09-30,1,"Israel",1
2022-09-30,2,"Israel",1
2022-09-30,3,"Israel",1
2022-09-30,4,"Israel",0
2022-09-30,5,"Israel",1
2022-09-30,6,"Israel",0
2022-09-30,7,"Israel",0
2022-09-30,8,"Israel",0
2022-09-30,9,"Israel",0
2022-09-30,10,"Israel",0
2022-09-30,11,"Israel",1
2022-09-30,12,"Israel",0
2022-09-30,13,"Israel",0
2022-09-30,14,"Israel",0
2022-09-30,15,"Israel",0
2022-09-30,16,"Israel",0
2022-09-30,0,"Italy",4
2022-09-30,1,"Italy",8
2022-09-30,2,"Italy",4
2022-09-30,3,"Italy",4
2022-09-30,4,"Italy",6
2022-09-30,5,"Italy",3
2022-09-30,6,"Italy",2
2022-09-30,7,"Italy",2
2022-09-30,8,"Italy",1
2022-09-30,9,"Italy",1
2022-09-30,10,"Italy",1
2022-09-30,11,"Italy",3
2022-09-30,12,"Italy",0
2022-09-30,13,"Italy",1
2022-09-30,14,"Italy",3
2022-09-30,15,"Italy",1
2022-09-30,16,"Italy",1
2022-09-30,0,"Latvia",0
2022-09-30,1,"Latvia",0
2022-09-30,2,"Latvia",0
2022-09-30,3,"Latvia",0
2022-09-30,4,"Latvia",0
2022-09-30,5,"Latvia",0
2022-09-30,6,"Latvia",0
2022-09-30,7,"Latvia",0
2022-09-30,8,"Latvia",0
2022-09-30,9,"Latvia",0
2022-09-30,10,"Latvia",0
2022-09-30,11,"Latvia",0
2022-09-30,12,"Latvia",0
2022-09-30,13,"Latvia",0
2022-09-30,14,"Latvia",0
2022-09-30,15,"Latvia",0
2022-09-30,16,"Latvia",1
2022-09-30,0,"Luxembourg",0
2022-09-30,1,"Luxembourg",1
2022-09-30,2,"Luxembourg",0
2022-09-30,3,"Luxembourg",0
2022-09-30,4,"Luxembourg",0
2022-09-30,5,"Luxembourg",0
2022-09-30,6,"Luxembourg",0
2022-09-30,7,"Luxembourg",0
2022-09-30,8,"Luxembourg",0
2022-09-30,9,"Luxembourg",0
2022-09-30,10,"Luxembourg",0
2022-09-30,11,"Luxembourg",0
2022-09-30,12,"Luxembourg",0
2022-09-30,13,"Luxembourg",0
2022-09-30,14,"Luxembourg",0
2022-09-30,15,"Luxembourg",0
2022-09-30,16,"Luxembourg",0
2022-09-30,0,"Netherlands",1
2022-09-30,1,"Netherlands",1
2022-09-30,2,"Netherlands",2
2022-09-30,3,"Netherlands",4
2022-09-30,4,"Netherlands",2
2022-09-30,5,"Netherlands",2
2022-09-30,6,"Netherlands",0
2022-09-30,7,"Netherlands",0
2022-09-30,8,"Netherlands",1
2022-09-30,9,"Netherlands",0
2022-09-30,10,"Netherlands",0
2022-09-30,11,"Netherlands",0
2022-09-30,12,"Netherlands",0
2022-09-30,13,"Netherlands",2
2022-09-30,14,"Netherlands",0
2022-09-30,15,"Netherlands",0
2022-09-30,16,"Netherlands",1
2022-09-30,0,"Norway",2
2022-09-30,1,"Norway",1
2022-09-30,2,"Norway",0
2022-09-30,3,"Norway",0
2022-09-30,4,"Norway",1
2022-09-30,5,"Norway",2
2022-09-30,6,"Norway",0
2022-09-30,7,"Norway",0
2022-09-30,8,"Norway",0
2022-09-30,9,"Norway",0
2022-09-30,10,"Norway",0
2022-09-30,11,"Norway",0
2022-09-30,12,"Norway",0
2022-09-30,13,"Norway",0
2022-09-30,14,"Norway",0
2022-09-30,15,"Norway",0
2022-09-30,16,"Norway",0
2022-09-30,0,"Poland",5
2022-09-30,1,"Poland",4
2022-09-30,2,"Poland",0
2022-09-30,3,"Poland",1
2022-09-30,4,"Poland",0
2022-09-30,5,"Poland",4
2022-09-30,6,"Poland",2
2022-09-30,7,"Poland",3
2022-09-30,8,"Poland",0
2022-09-30,9,"Poland",0
2022-09-30,10,"Poland",0
2022-09-30,11,"Poland",0
2022-09-30,12,"Poland",0
2022-09-30,13,"Poland",2
2022-09-30,14,"Poland",0
2022-09-30,15,"Poland",0
2022-09-30,16,"Poland",0
2022-09-30,0,"Portugal",8
2022-09-30,1,"Portugal",7
2022-09-30,2,"Portugal",1
2022-09-30,3,"Portugal",1
2022-09-30,4,"Portugal",2
2022-09-30,5,"Portugal",2
2022-09-30,6,"Portugal",1
2022-09-30,7,"Portugal",0
2022-09-30,8,"Portugal",2
2022-09-30,9,"Portugal",0
2022-09-30,10,"Portugal",0
2022-09-30,11,"Portugal",0
2022-09-30,12,"Portugal",0
2022-09-30,13,"Portugal",1
2022-09-30,14,"Portugal",0
2022-09-30,15,"Portugal",1
2022-09-30,16,"Portugal",0
2022-09-30,0,"Republic of Moldova",0
2022-09-30,1,"Republic of Moldova",0
2022-09-30,2,"Republic of Moldova",0
2022-09-30,3,"Republic of Moldova",0
2022-09-30,4,"Republic of Moldova",0
2022-09-30,5,"Republic of Moldova",1
2022-09-30,6,"Republic of Moldova",0
2022-09-30,7,"Republic of Moldova",0
2022-09-30,8,"Republic of Moldova",0
2022-09-30,9,"Republic of Moldova",0
2022-09-30,10,"Republic of Moldova",0
2022-09-30,11,"Republic of Moldova",0
2022-09-30,12,"Republic of Moldova",0
2022-09-30,13,"Republic of Moldova",0
2022-09-30,14,"Republic of Moldova",0
2022-09-30,15,"Republic of Moldova",0
2022-09-30,16,"Republic of Moldova",0
2022-09-30,0,"Serbia",0
2022-09-30,1,"Serbia",0
2022-09-30,2,"Serbia",0
2022-09-30,3,"Serbia",0
2022-09-30,4,"Serbia",0
2022-09-30,5,"Serbia",0
2022-09-30,6,"Serbia",0
2022-09-30,7,"Serbia",0
2022-09-30,8,"Serbia",0
2022-09-30,9,"Serbia",1
2022-09-30,10,"Serbia",0
2022-09-30,11,"Serbia",0
2022-09-30,12,"Serbia",0
2022-09-30,13,"Serbia",0
2022-09-30,14,"Serbia",0
2022-09-30,15,"Serbia",0
2022-09-30,16,"Serbia",0
2022-09-30,0,"Spain",6
2022-09-30,1,"Spain",9
2022-09-30,2,"Spain",5
2022-09-30,3,"Spain",6
2022-09-30,4,"Spain",3
2022-09-30,5,"Spain",3
2022-09-30,6,"Spain",3
2022-09-30,7,"Spain",3
2022-09-30,8,"Spain",2
2022-09-30,9,"Spain",3
2022-09-30,10,"Spain",0
2022-09-30,11,"Spain",0
2022-09-30,12,"Spain",2
2022-09-30,13,"Spain",2
2022-09-30,14,"Spain",0
2022-09-30,15,"Spain",2
2022-09-30,16,"Spain",3
2022-09-30,0,"Sweden",1
2022-09-30,1,"Sweden",3
2022-09-30,2,"Sweden",0
2022-09-30,3,"Sweden",1
2022-09-30,4,"Sweden",2
2022-09-30,5,"Sweden",2
2022-09-30,6,"Sweden",0
2022-09-30,7,"Sweden",0
2022-09-30,8,"Sweden",0
2022-09-30,9,"Sweden",1
2022-09-30,10,"Sweden",0
2022-09-30,11,"Sweden",0
2022-09-30,12,"Sweden",1
2022-09-30,13,"Sweden",0
2022-09-30,14,"Sweden",0
2022-09-30,15,"Sweden",0
2022-09-30,16,"Sweden",0
2022-09-30,0,"United KIngdom",13
2022-09-30,1,"United KIngdom",22
2022-09-30,2,"United KIngdom",32
2022-09-30,3,"United KIngdom",77
2022-09-30,4,"United KIngdom",53
2022-09-30,5,"United KIngdom",30
2022-09-30,6,"United KIngdom",13
2022-09-30,7,"United KIngdom",8
2022-09-30,8,"United KIngdom",9
2022-09-30,9,"United KIngdom",6
2022-09-30,10,"United KIngdom",2
2022-09-30,11,"United KIngdom",1
2022-09-30,12,"United KIngdom",1
2022-09-30,13,"United KIngdom",4
2022-09-30,14,"United KIngdom",4
2022-09-30,15,"United KIngdom",3
2022-09-30,16,"United KIngdom",0
2022-10-28,0,"Austria",0
2022-10-28,1,"Austria",0
2022-10-28,2,"Austria",0
2022-10-28,3,"Austria",2
2022-10-28,4,"Austria",1
2022-10-28,5,"Austria",1
2022-10-28,6,"Austria",1
2022-10-28,7,"Austria",0
2022-10-28,8,"Austria",0
2022-10-28,9,"Austria",1
2022-10-28,10,"Austria",0
2022-10-28,11,"Austria",0
2022-10-28,12,"Austria",0
2022-10-28,13,"Austria",0
2022-10-28,14,"Austria",0
2022-10-28,15,"Austria",0
2022-10-28,16,"Austria",0
2022-10-28,0,"Belgium",3
2022-10-28,1,"Belgium",2
2022-10-28,2,"Belgium",1
2022-10-28,3,"Belgium",2
2022-10-28,4,"Belgium",0
2022-10-28,5,"Belgium",1
2022-10-28,6,"Belgium",0
2022-10-28,7,"Belgium",0
2022-10-28,8,"Belgium",1
2022-10-28,9,"Belgium",1
2022-10-28,10,"Belgium",2
2022-10-28,11,"Belgium",1
2022-10-28,12,"Belgium",0
2022-10-28,13,"Belgium",0
2022-10-28,14,"Belgium",0
2022-10-28,15,"Belgium",0
2022-10-28,16,"Belgium",0
2022-10-28,0,"Bulgaria",0
2022-10-28,1,"Bulgaria",0
2022-10-28,2,"Bulgaria",0
2022-10-28,3,"Bulgaria",0
2022-10-28,4,"Bulgaria",1
2022-10-28,5,"Bulgaria",0
2022-10-28,6,"Bulgaria",0
2022-10-28,7,"Bulgaria",0
2022-10-28,8,"Bulgaria",0
2022-10-28,9,"Bulgaria",0
2022-10-28,10,"Bulgaria",0
2022-10-28,11,"Bulgaria",0
2022-10-28,12,"Bulgaria",0
2022-10-28,13,"Bulgaria",0
2022-10-28,14,"Bulgaria",0
2022-10-28,15,"Bulgaria",0
2022-10-28,16,"Bulgaria",0
2022-10-28,0,"Cyprus",0
2022-10-28,1,"Cyprus",0
2022-10-28,2,"Cyprus",0
2022-10-28,3,"Cyprus",0
2022-10-28,4,"Cyprus",1
2022-10-28,5,"Cyprus",1
2022-10-28,6,"Cyprus",0
2022-10-28,7,"Cyprus",0
2022-10-28,8,"Cyprus",0
2022-10-28,9,"Cyprus",0
2022-10-28,10,"Cyprus",0
2022-10-28,11,"Cyprus",0
2022-10-28,12,"Cyprus",0
2022-10-28,13,"Cyprus",0
2022-10-28,14,"Cyprus",0
2022-10-28,15,"Cyprus",0
2022-10-28,16,"Cyprus",0
2022-10-28,0,"Denmark",1
2022-10-28,1,"Denmark",1
2022-10-28,2,"Denmark",1
2022-10-28,3,"Denmark",1
2022-10-28,4,"Denmark",1
2022-10-28,5,"Denmark",1
2022-10-28,6,"Denmark",0
2022-10-28,7,"Denmark",1
2022-10-28,8,"Denmark",0
2022-10-28,9,"Denmark",0
2022-10-28,10,"Denmark",0
2022-10-28,11,"Denmark",0
2022-10-28,12,"Denmark",0
2022-10-28,13,"Denmark",0
2022-10-28,14,"Denmark",1
2022-10-28,15,"Denmark",0
2022-10-28,16,"Denmark",0
2022-10-28,0,"Finland",0
2022-10-28,1,"Finland",0
2022-10-28,2,"Finland",0
2022-10-28,3,"Finland",0
2022-10-28,4,"Finland",0
2022-10-28,5,"Finland",0
2022-10-28,6,"Finland",0
2022-10-28,7,"Finland",1
2022-10-28,8,"Finland",0
2022-10-28,9,"Finland",0
2022-10-28,10,"Finland",0
2022-10-28,11,"Finland",0
2022-10-28,12,"Finland",0
2022-10-28,13,"Finland",0
2022-10-28,14,"Finland",0
2022-10-28,15,"Finland",0
2022-10-28,16,"Finland",0
2022-10-28,0,"France",3
2022-10-28,1,"France",0
2022-10-28,2,"France",1
2022-10-28,3,"France",1
2022-10-28,4,"France",1
2022-10-28,5,"France",0
2022-10-28,6,"France",0
2022-10-28,7,"France",2
2022-10-28,8,"France",0
2022-10-28,9,"France",0
2022-10-28,10,"France",0
2022-10-28,11,"France",0
2022-10-28,12,"France",1
2022-10-28,13,"France",0
2022-10-28,14,"France",1
2022-10-28,15,"France",0
2022-10-28,16,"France",0
2022-10-28,0,"Greece",2
2022-10-28,1,"Greece",3
2022-10-28,2,"Greece",3
2022-10-28,3,"Greece",0
2022-10-28,4,"Greece",3
2022-10-28,5,"Greece",2
2022-10-28,6,"Greece",2
2022-10-28,7,"Greece",0
2022-10-28,8,"Greece",1
2022-10-28,9,"Greece",0
2022-10-28,10,"Greece",1
2022-10-28,11,"Greece",0
2022-10-28,12,"Greece",1
2022-10-28,13,"Greece",0
2022-10-28,14,"Greece",0
2022-10-28,15,"Greece",1
2022-10-28,16,"Greece",1
2022-10-28,0,"Ireland",3
2022-10-28,1,"Ireland",3
2022-10-28,2,"Ireland",3
2022-10-28,3,"Ireland",5
2022-10-28,4,"Ireland",4
2022-10-28,5,"Ireland",6
2022-10-28,6,"Ireland",0
2022-10-28,7,"Ireland",3
2022-10-28,8,"Ireland",0
2022-10-28,9,"Ireland",0
2022-10-28,10,"Ireland",0
2022-10-28,11,"Ireland",1
2022-10-28,12,"Ireland",1
2022-10-28,13,"Ireland",0
2022-10-28,14,"Ireland",0
2022-10-28,15,"Ireland",0
2022-10-28,16,"Ireland",0
2022-10-28,0,"Israel",0
2022-10-28,1,"Israel",1
2022-10-28,2,"Israel",1
2022-10-28,3,"Israel",1
2022-10-28,4,"Israel",0
2022-10-28,5,"Israel",1
2022-10-28,6,"Israel",0
2022-10-28,7,"Israel",0
2022-10-28,8,"Israel",0
2022-10-28,9,"Israel",0
2022-10-28,10,"Israel",0
2022-10-28,11,"Israel",1
2022-10-28,12,"Israel",0
2022-10-28,13,"Israel",0
2022-10-28,14,"Israel",0
2022-10-28,15,"Israel",0
2022-10-28,16,"Israel",0
2022-10-28,0,"Italy",4
2022-10-28,1,"Italy",9
2022-10-28,2,"Italy",4
2022-10-28,3,"Italy",4
2022-10-28,4,"Italy",6
2022-10-28,5,"Italy",3
2022-10-28,6,"Italy",3
2022-10-28,7,"Italy",2
2022-10-28,8,"Italy",1
2022-10-28,9,"Italy",1
2022-10-28,10,"Italy",1
2022-10-28,11,"Italy",3
2022-10-28,12,"Italy",0
2022-10-28,13,"Italy",1
2022-10-28,14,"Italy",3
2022-10-28,15,"Italy",1
2022-10-28,16,"Italy",1
2022-10-28,0,"Latvia",0
2022-10-28,1,"Latvia",0
2022-10-28,2,"Latvia",0
2022-10-28,3,"Latvia",0
2022-10-28,4,"Latvia",0
2022-10-28,5,"Latvia",0
2022-10-28,6,"Latvia",0
2022-10-28,7,"Latvia",0
2022-10-28,8,"Latvia",0
2022-10-28,9,"Latvia",0
2022-10-28,10,"Latvia",0
2022-10-28,11,"Latvia",0
2022-10-28,12,"Latvia",0
2022-10-28,13,"Latvia",0
2022-10-28,14,"Latvia",0
2022-10-28,15,"Latvia",0
2022-10-28,16,"Latvia",1
2022-10-28,0,"Luxembourg",0
2022-10-28,1,"Luxembourg",1
2022-10-28,2,"Luxembourg",0
2022-10-28,3,"Luxembourg",0
2022-10-28,4,"Luxembourg",0
2022-10-28,5,"Luxembourg",0
2022-10-28,6,"Luxembourg",0
2022-10-28,7,"Luxembourg",0
2022-10-28,8,"Luxembourg",0
2022-10-28,9,"Luxembourg",0
2022-10-28,10,"Luxembourg",0
2022-10-28,11,"Luxembourg",0
2022-10-28,12,"Luxembourg",0
2022-10-28,13,"Luxembourg",0
2022-10-28,14,"Luxembourg",0
2022-10-28,15,"Luxembourg",0
2022-10-28,16,"Luxembourg",0
2022-10-28,0,"Netherlands",1
2022-10-28,1,"Netherlands",1
2022-10-28,2,"Netherlands",2
2022-10-28,3,"Netherlands",4
2022-10-28,4,"Netherlands",2
2022-10-28,5,"Netherlands",2
2022-10-28,6,"Netherlands",0
2022-10-28,7,"Netherlands",0
2022-10-28,8,"Netherlands",1
2022-10-28,9,"Netherlands",0
2022-10-28,10,"Netherlands",0
2022-10-28,11,"Netherlands",0
2022-10-28,12,"Netherlands",0
2022-10-28,13,"Netherlands",2
2022-10-28,14,"Netherlands",0
2022-10-28,15,"Netherlands",0
2022-10-28,16,"Netherlands",1
2022-10-28,0,"Norway",2
2022-10-28,1,"Norway",1
2022-10-28,2,"Norway",0
2022-10-28,3,"Norway",0
2022-10-28,4,"Norway",1
2022-10-28,5,"Norway",2
2022-10-28,6,"Norway",0
2022-10-28,7,"Norway",0
2022-10-28,8,"Norway",0
2022-10-28,9,"Norway",0
2022-10-28,10,"Norway",0
2022-10-28,11,"Norway",0
2022-10-28,12,"Norway",0
2022-10-28,13,"Norway",0
2022-10-28,14,"Norway",0
2022-10-28,15,"Norway",0
2022-10-28,16,"Norway",0
2022-10-28,0,"Poland",5
2022-10-28,1,"Poland",4
2022-10-28,2,"Poland",0
2022-10-28,3,"Poland",1
2022-10-28,4,"Poland",0
2022-10-28,5,"Poland",4
2022-10-28,6,"Poland",2
2022-10-28,7,"Poland",3
2022-10-28,8,"Poland",0
2022-10-28,9,"Poland",0
2022-10-28,10,"Poland",0
2022-10-28,11,"Poland",0
2022-10-28,12,"Poland",0
2022-10-28,13,"Poland",2
2022-10-28,14,"Poland",0
2022-10-28,15,"Poland",0
2022-10-28,16,"Poland",1
2022-10-28,0,"Portugal",8
2022-10-28,1,"Portugal",7
2022-10-28,2,"Portugal",1
2022-10-28,3,"Portugal",1
2022-10-28,4,"Portugal",2
2022-10-28,5,"Portugal",2
2022-10-28,6,"Portugal",1
2022-10-28,7,"Portugal",0
2022-10-28,8,"Portugal",2
2022-10-28,9,"Portugal",0
2022-10-28,10,"Portugal",0
2022-10-28,11,"Portugal",0
2022-10-28,12,"Portugal",0
2022-10-28,13,"Portugal",1
2022-10-28,14,"Portugal",0
2022-10-28,15,"Portugal",1
2022-10-28,16,"Portugal",0
2022-10-28,0,"Republic of Moldova",0
2022-10-28,1,"Republic of Moldova",0
2022-10-28,2,"Republic of Moldova",0
2022-10-28,3,"Republic of Moldova",0
2022-10-28,4,"Republic of Moldova",0
2022-10-28,5,"Republic of Moldova",1
2022-10-28,6,"Republic of Moldova",0
2022-10-28,7,"Republic of Moldova",0
2022-10-28,8,"Republic of Moldova",0
2022-10-28,9,"Republic of Moldova",0
2022-10-28,10,"Republic of Moldova",0
2022-10-28,11,"Republic of Moldova",0
2022-10-28,12,"Republic of Moldova",0
2022-10-28,13,"Republic of Moldova",0
2022-10-28,14,"Republic of Moldova",0
2022-10-28,15,"Republic of Moldova",0
2022-10-28,16,"Republic of Moldova",0
2022-10-28,0,"Serbia",0
2022-10-28,1,"Serbia",0
2022-10-28,2,"Serbia",0
2022-10-28,3,"Serbia",0
2022-10-28,4,"Serbia",0
2022-10-28,5,"Serbia",0
2022-10-28,6,"Serbia",0
2022-10-28,7,"Serbia",0
2022-10-28,8,"Serbia",0
2022-10-28,9,"Serbia",1
2022-10-28,10,"Serbia",0
2022-10-28,11,"Serbia",0
2022-10-28,12,"Serbia",0
2022-10-28,13,"Serbia",0
2022-10-28,14,"Serbia",0
2022-10-28,15,"Serbia",0
2022-10-28,16,"Serbia",0
2022-10-28,0,"Spain",7
2022-10-28,1,"Spain",9
2022-10-28,2,"Spain",5
2022-10-28,3,"Spain",6
2022-10-28,4,"Spain",3
2022-10-28,5,"Spain",3
2022-10-28,6,"Spain",4
2022-10-28,7,"Spain",3
2022-10-28,8,"Spain",2
2022-10-28,9,"Spain",3
2022-10-28,10,"Spain",0
2022-10-28,11,"Spain",0
2022-10-28,12,"Spain",2
2022-10-28,13,"Spain",2
2022-10-28,14,"Spain",0
2022-10-28,15,"Spain",2
2022-10-28,16,"Spain",3
2022-10-28,0,"Sweden",1
2022-10-28,1,"Sweden",3
2022-10-28,2,"Sweden",1
2022-10-28,3,"Sweden",1
2022-10-28,4,"Sweden",2
2022-10-28,5,"Sweden",2
2022-10-28,6,"Sweden",0
2022-10-28,7,"Sweden",0
2022-10-28,8,"Sweden",0
2022-10-28,9,"Sweden",1
2022-10-28,10,"Sweden",0
2022-10-28,11,"Sweden",0
2022-10-28,12,"Sweden",1
2022-10-28,13,"Sweden",0
2022-10-28,14,"Sweden",0
2022-10-28,15,"Sweden",0
2022-10-28,16,"Sweden",0
2022-10-28,0,"United KIngdom",13
2022-10-28,1,"United KIngdom",22
2022-10-28,2,"United KIngdom",33
2022-10-28,3,"United KIngdom",77
2022-10-28,4,"United KIngdom",53
2022-10-28,5,"United KIngdom",31
2022-10-28,6,"United KIngdom",13
2022-10-28,7,"United KIngdom",8
2022-10-28,8,"United KIngdom",9
2022-10-28,9,"United KIngdom",6
2022-10-28,10,"United KIngdom",2
2022-10-28,11,"United KIngdom",1
2022-10-28,12,"United KIngdom",1
2022-10-28,13,"United KIngdom",4
2022-10-28,14,"United KIngdom",4
2022-10-28,15,"United KIngdom",3
2022-10-28,16,"United KIngdom",0
2022-11-25,0,"Austria",0
2022-11-25,1,"Austria",0
2022-11-25,2,"Austria",0
2022-11-25,3,"Austria",2
2022-11-25,4,"Austria",1
2022-11-25,5,"Austria",1
2022-11-25,6,"Austria",1
2022-11-25,7,"Austria",0
2022-11-25,8,"Austria",0
2022-11-25,9,"Austria",1
2022-11-25,10,"Austria",0
2022-11-25,11,"Austria",0
2022-11-25,12,"Austria",0
2022-11-25,13,"Austria",0
2022-11-25,14,"Austria",0
2022-11-25,15,"Austria",0
2022-11-25,16,"Austria",0
2022-11-25,0,"Belgium",3
2022-11-25,1,"Belgium",2
2022-11-25,2,"Belgium",1
2022-11-25,3,"Belgium",2
2022-11-25,4,"Belgium",0
2022-11-25,5,"Belgium",1
2022-11-25,6,"Belgium",0
2022-11-25,7,"Belgium",0
2022-11-25,8,"Belgium",1
2022-11-25,9,"Belgium",1
2022-11-25,10,"Belgium",2
2022-11-25,11,"Belgium",1
2022-11-25,12,"Belgium",0
2022-11-25,13,"Belgium",0
2022-11-25,14,"Belgium",0
2022-11-25,15,"Belgium",0
2022-11-25,16,"Belgium",0
2022-11-25,0,"Bulgaria",0
2022-11-25,1,"Bulgaria",0
2022-11-25,2,"Bulgaria",1
2022-11-25,3,"Bulgaria",0
2022-11-25,4,"Bulgaria",2
2022-11-25,5,"Bulgaria",0
2022-11-25,6,"Bulgaria",0
2022-11-25,7,"Bulgaria",0
2022-11-25,8,"Bulgaria",0
2022-11-25,9,"Bulgaria",0
2022-11-25,10,"Bulgaria",0
2022-11-25,11,"Bulgaria",0
2022-11-25,12,"Bulgaria",0
2022-11-25,13,"Bulgaria",0
2022-11-25,14,"Bulgaria",0
2022-11-25,15,"Bulgaria",0
2022-11-25,16,"Bulgaria",0
2022-11-25,0,"Cyprus",0
2022-11-25,1,"Cyprus",0
2022-11-25,2,"Cyprus",0
2022-11-25,3,"Cyprus",0
2022-11-25,4,"Cyprus",1
2022-11-25,5,"Cyprus",1
2022-11-25,6,"Cyprus",0
2022-11-25,7,"Cyprus",0
2022-11-25,8,"Cyprus",0
2022-11-25,9,"Cyprus",0
2022-11-25,10,"Cyprus",0
2022-11-25,11,"Cyprus",0
2022-11-25,12,"Cyprus",0
2022-11-25,13,"Cyprus",0
2022-11-25,14,"Cyprus",0
2022-11-25,15,"Cyprus",0
2022-11-25,16,"Cyprus",0
2022-11-25,0,"Denmark",1
2022-11-25,1,"Denmark",1
2022-11-25,2,"Denmark",1
2022-11-25,3,"Denmark",1
2022-11-25,4,"Denmark",1
2022-11-25,5,"Denmark",1
2022-11-25,6,"Denmark",0
2022-11-25,7,"Denmark",1
2022-11-25,8,"Denmark",0
2022-11-25,9,"Denmark",0
2022-11-25,10,"Denmark",0
2022-11-25,11,"Denmark",0
2022-11-25,12,"Denmark",0
2022-11-25,13,"Denmark",0
2022-11-25,14,"Denmark",1
2022-11-25,15,"Denmark",0
2022-11-25,16,"Denmark",0
2022-11-25,0,"Finland",0
2022-11-25,1,"Finland",0
2022-11-25,2,"Finland",0
2022-11-25,3,"Finland",0
2022-11-25,4,"Finland",0
2022-11-25,5,"Finland",0
2022-11-25,6,"Finland",0
2022-11-25,7,"Finland",1
2022-11-25,8,"Finland",0
2022-11-25,9,"Finland",0
2022-11-25,10,"Finland",0
2022-11-25,11,"Finland",0
2022-11-25,12,"Finland",0
2022-11-25,13,"Finland",0
2022-11-25,14,"Finland",0
2022-11-25,15,"Finland",0
2022-11-25,16,"Finland",0
2022-11-25,0,"France",3
2022-11-25,1,"France",0
2022-11-25,2,"France",1
2022-11-25,3,"France",1
2022-11-25,4,"France",1
2022-11-25,5,"France",0
2022-11-25,6,"France",0
2022-11-25,7,"France",2
2022-11-25,8,"France",0
2022-11-25,9,"France",0
2022-11-25,10,"France",0
2022-11-25,11,"France",0
2022-11-25,12,"France",1
2022-11-25,13,"France",0
2022-11-25,14,"France",1
2022-11-25,15,"France",0
2022-11-25,16,"France",0
2022-11-25,0,"Greece",3
2022-11-25,1,"Greece",3
2022-11-25,2,"Greece",3
2022-11-25,3,"Greece",0
2022-11-25,4,"Greece",2
2022-11-25,5,"Greece",2
2022-11-25,6,"Greece",2
2022-11-25,7,"Greece",1
2022-11-25,8,"Greece",1
2022-11-25,9,"Greece",0
2022-11-25,10,"Greece",1
2022-11-25,11,"Greece",0
2022-11-25,12,"Greece",1
2022-11-25,13,"Greece",0
2022-11-25,14,"Greece",0
2022-11-25,15,"Greece",1
2022-11-25,16,"Greece",1
2022-11-25,0,"Ireland",3
2022-11-25,1,"Ireland",3
2022-11-25,2,"Ireland",3
2022-11-25,3,"Ireland",5
2022-11-25,4,"Ireland",4
2022-11-25,5,"Ireland",6
2022-11-25,6,"Ireland",0
2022-11-25,7,"Ireland",3
2022-11-25,8,"Ireland",0
2022-11-25,9,"Ireland",0
2022-11-25,10,"Ireland",0
2022-11-25,11,"Ireland",1
2022-11-25,12,"Ireland",1
2022-11-25,13,"Ireland",0
2022-11-25,14,"Ireland",0
2022-11-25,15,"Ireland",0
2022-11-25,16,"Ireland",0
2022-11-25,0,"Israel",0
2022-11-25,1,"Israel",1
2022-11-25,2,"Israel",1
2022-11-25,3,"Israel",1
2022-11-25,4,"Israel",0
2022-11-25,5,"Israel",1
2022-11-25,6,"Israel",0
2022-11-25,7,"Israel",0
2022-11-25,8,"Israel",0
2022-11-25,9,"Israel",0
2022-11-25,10,"Israel",0
2022-11-25,11,"Israel",1
2022-11-25,12,"Israel",0
2022-11-25,13,"Israel",0
2022-11-25,14,"Israel",0
2022-11-25,15,"Israel",0
2022-11-25,16,"Israel",0
2022-11-25,0,"Italy",4
2022-11-25,1,"Italy",10
2022-11-25,2,"Italy",4
2022-11-25,3,"Italy",4
2022-11-25,4,"Italy",7
2022-11-25,5,"Italy",3
2022-11-25,6,"Italy",3
2022-11-25,7,"Italy",2
2022-11-25,8,"Italy",2
2022-11-25,9,"Italy",1
2022-11-25,10,"Italy",1
2022-11-25,11,"Italy",3
2022-11-25,12,"Italy",0
2022-11-25,13,"Italy",1
2022-11-25,14,"Italy",3
2022-11-25,15,"Italy",1
2022-11-25,16,"Italy",1
2022-11-25,0,"Latvia",0
2022-11-25,1,"Latvia",0
2022-11-25,2,"Latvia",0
2022-11-25,3,"Latvia",0
2022-11-25,4,"Latvia",0
2022-11-25,5,"Latvia",0
2022-11-25,6,"Latvia",0
2022-11-25,7,"Latvia",0
2022-11-25,8,"Latvia",0
2022-11-25,9,"Latvia",0
2022-11-25,10,"Latvia",0
2022-11-25,11,"Latvia",0
2022-11-25,12,"Latvia",0
2022-11-25,13,"Latvia",0
2022-11-25,14,"Latvia",0
2022-11-25,15,"Latvia",0
2022-11-25,16,"Latvia",1
2022-11-25,0,"Luxembourg",0
2022-11-25,1,"Luxembourg",1
2022-11-25,2,"Luxembourg",0
2022-11-25,3,"Luxembourg",0
2022-11-25,4,"Luxembourg",0
2022-11-25,5,"Luxembourg",0
2022-11-25,6,"Luxembourg",0
2022-11-25,7,"Luxembourg",0
2022-11-25,8,"Luxembourg",0
2022-11-25,9,"Luxembourg",0
2022-11-25,10,"Luxembourg",0
2022-11-25,11,"Luxembourg",0
2022-11-25,12,"Luxembourg",0
2022-11-25,13,"Luxembourg",0
2022-11-25,14,"Luxembourg",0
2022-11-25,15,"Luxembourg",0
2022-11-25,16,"Luxembourg",0
2022-11-25,0,"Netherlands",1
2022-11-25,1,"Netherlands",1
2022-11-25,2,"Netherlands",2
2022-11-25,3,"Netherlands",4
2022-11-25,4,"Netherlands",2
2022-11-25,5,"Netherlands",2
2022-11-25,6,"Netherlands",0
2022-11-25,7,"Netherlands",0
2022-11-25,8,"Netherlands",1
2022-11-25,9,"Netherlands",0
2022-11-25,10,"Netherlands",0
2022-11-25,11,"Netherlands",0
2022-11-25,12,"Netherlands",0
2022-11-25,13,"Netherlands",2
2022-11-25,14,"Netherlands",0
2022-11-25,15,"Netherlands",0
2022-11-25,16,"Netherlands",1
2022-11-25,0,"Norway",2
2022-11-25,1,"Norway",1
2022-11-25,2,"Norway",0
2022-11-25,3,"Norway",0
2022-11-25,4,"Norway",1
2022-11-25,5,"Norway",2
2022-11-25,6,"Norway",0
2022-11-25,7,"Norway",0
2022-11-25,8,"Norway",0
2022-11-25,9,"Norway",0
2022-11-25,10,"Norway",0
2022-11-25,11,"Norway",0
2022-11-25,12,"Norway",0
2022-11-25,13,"Norway",0
2022-11-25,14,"Norway",0
2022-11-25,15,"Norway",0
2022-11-25,16,"Norway",0
2022-11-25,0,"Poland",6
2022-11-25,1,"Poland",4
2022-11-25,2,"Poland",0
2022-11-25,3,"Poland",1
2022-11-25,4,"Poland",0
2022-11-25,5,"Poland",4
2022-11-25,6,"Poland",2
2022-11-25,7,"Poland",3
2022-11-25,8,"Poland",0
2022-11-25,9,"Poland",0
2022-11-25,10,"Poland",0
2022-11-25,11,"Poland",0
2022-11-25,12,"Poland",0
2022-11-25,13,"Poland",2
2022-11-25,14,"Poland",0
2022-11-25,15,"Poland",0
2022-11-25,16,"Poland",1
2022-11-25,0,"Portugal",8
2022-11-25,1,"Portugal",8
2022-11-25,2,"Portugal",1
2022-11-25,3,"Portugal",1
2022-11-25,4,"Portugal",2
2022-11-25,5,"Portugal",2
2022-11-25,6,"Portugal",1
2022-11-25,7,"Portugal",0
2022-11-25,8,"Portugal",2
2022-11-25,9,"Portugal",0
2022-11-25,10,"Portugal",0
2022-11-25,11,"Portugal",1
2022-11-25,12,"Portugal",0
2022-11-25,13,"Portugal",1
2022-11-25,14,"Portugal",0
2022-11-25,15,"Portugal",1
2022-11-25,16,"Portugal",0
2022-11-25,0,"Republic of Moldova",0
2022-11-25,1,"Republic of Moldova",0
2022-11-25,2,"Republic of Moldova",0
2022-11-25,3,"Republic of Moldova",0
2022-11-25,4,"Republic of Moldova",0
2022-11-25,5,"Republic of Moldova",1
2022-11-25,6,"Republic of Moldova",0
2022-11-25,7,"Republic of Moldova",0
2022-11-25,8,"Republic of Moldova",0
2022-11-25,9,"Republic of Moldova",0
2022-11-25,10,"Republic of Moldova",0
2022-11-25,11,"Republic of Moldova",0
2022-11-25,12,"Republic of Moldova",0
2022-11-25,13,"Republic of Moldova",0
2022-11-25,14,"Republic of Moldova",0
2022-11-25,15,"Republic of Moldova",0
2022-11-25,16,"Republic of Moldova",0
2022-11-25,0,"Serbia",0
2022-11-25,1,"Serbia",0
2022-11-25,2,"Serbia",0
2022-11-25,3,"Serbia",0
2022-11-25,4,"Serbia",0
2022-11-25,5,"Serbia",0
2022-11-25,6,"Serbia",0
2022-11-25,7,"Serbia",0
2022-11-25,8,"Serbia",0
2022-11-25,9,"Serbia",1
2022-11-25,10,"Serbia",0
2022-11-25,11,"Serbia",0
2022-11-25,12,"Serbia",0
2022-11-25,13,"Serbia",0
2022-11-25,14,"Serbia",0
2022-11-25,15,"Serbia",0
2022-11-25,16,"Serbia",0
2022-11-25,0,"Spain",7
2022-11-25,1,"Spain",9
2022-11-25,2,"Spain",5
2022-11-25,3,"Spain",6
2022-11-25,4,"Spain",3
2022-11-25,5,"Spain",3
2022-11-25,6,"Spain",4
2022-11-25,7,"Spain",3
2022-11-25,8,"Spain",2
2022-11-25,9,"Spain",3
2022-11-25,10,"Spain",0
2022-11-25,11,"Spain",0
2022-11-25,12,"Spain",2
2022-11-25,13,"Spain",2
2022-11-25,14,"Spain",0
2022-11-25,15,"Spain",2
2022-11-25,16,"Spain",3
2022-11-25,0,"Sweden",1
2022-11-25,1,"Sweden",3
2022-11-25,2,"Sweden",1
2022-11-25,3,"Sweden",1
2022-11-25,4,"Sweden",2
2022-11-25,5,"Sweden",2
2022-11-25,6,"Sweden",0
2022-11-25,7,"Sweden",0
2022-11-25,8,"Sweden",0
2022-11-25,9,"Sweden",1
2022-11-25,10,"Sweden",0
2022-11-25,11,"Sweden",0
2022-11-25,12,"Sweden",1
2022-11-25,13,"Sweden",0
2022-11-25,14,"Sweden",0
2022-11-25,15,"Sweden",0
2022-11-25,16,"Sweden",0
2022-11-25,0,"United KIngdom",13
2022-11-25,1,"United KIngdom",22
2022-11-25,2,"United KIngdom",33
2022-11-25,3,"United KIngdom",77
2022-11-25,4,"United KIngdom",53
2022-11-25,5,"United KIngdom",31
2022-11-25,6,"United KIngdom",13
2022-11-25,7,"United KIngdom",8
2022-11-25,8,"United KIngdom",9
2022-11-25,9,"United KIngdom",6
2022-11-25,10,"United KIngdom",2
2022-11-25,11,"United KIngdom",1
2022-11-25,12,"United KIngdom",1
2022-11-25,13,"United KIngdom",4
2022-11-25,14,"United KIngdom",4
2022-11-25,15,"United KIngdom",3
2022-11-25,16,"United KIngdom",0
